execution;generation;chromosome;fitness 
1;1;104,62,7,85,87;0
1;2;104,62,7,85,87;0
1;2;101,104,62,85,87;0
1;3;104,62,7,85,87;0
1;3;111,62,7,85,87;0
1;4;104,62,7,85,87;0
1;4;58,62,7,85,87;0
1;5;104,62,7,85,87;0
1;5;104,142,62,85,87;0
1;6;104,62,7,85,87;0
1;6;102,104,62,7,87;0
1;7;104,62,7,85,87;0
1;7;62,7,85,87,92;0
1;8;104,62,7,85,87;0
1;8;119,62,7,85,87;0.6898359999999998
1;9;119,62,7,85,87;0.6898359999999998
1;9;119,131,7,85,87;0.64038
1;10;119,62,7,85,87;0.6898359999999998
1;10;119,62,7,85,87;0.6898359999999998
1;11;119,62,7,85,87;0.6898359999999998
1;11;62,7,80,85,87;0
1;12;119,62,7,85,87;0.6898359999999998
1;12;119,62,69,7,85;0.6405619999999999
1;13;119,62,7,85,87;0.6898359999999998
1;13;112,119,7,85,87;0.69692
1;14;112,119,7,85,87;0.7045359999999999
1;14;112,119,7,85,87;0.7045359999999999
1;15;112,119,7,85,87;0.7045359999999999
1;15;112,119,140,85,87;0.676396
1;16;112,119,7,85,87;0.7045359999999999
1;16;103,112,7,85,87;0
1;17;112,119,7,85,87;0.7045359999999999
1;17;112,119,64,7,87;0.700308
1;18;112,119,7,85,87;0.7045359999999999
1;18;112,119,7,85,87;0.7045359999999999
1;19;112,119,7,85,87;0.7045359999999999
1;19;119,29,7,85,87;0.6453719999999998
1;20;112,119,7,85,87;0.7045359999999999
1;20;112,7,85,87,94;0
1;21;112,119,7,85,87;0.7045359999999999
1;21;112,7,72,85,87;0.6925520000000001
1;22;112,119,7,85,87;0.7045359999999999
1;22;112,17,7,85,87;0
1;23;112,119,7,85,87;0.7045359999999999
1;23;112,119,53,7,87;0.6502859999999999
1;24;112,119,7,85,87;0.7045359999999999
1;24;112,119,29,7,85;0
1;25;112,119,7,85,87;0.7045359999999999
1;25;119,134,7,85,87;0.6456839999999999
1;26;112,119,7,85,87;0.7045359999999999
1;26;112,119,7,85,87;0.7045359999999999
1;27;112,119,7,85,87;0.7045359999999999
1;27;112,119,7,85,87;0.7045359999999999
1;28;112,119,7,85,87;0.7045359999999999
1;28;119,36,7,85,87;0.642122
1;29;112,119,7,85,87;0.7045359999999999
1;29;112,29,7,85,87;0
1;30;112,119,7,85,87;0.7045359999999999
1;30;119,18,7,85,87;0.65377
1;31;112,119,7,85,87;0.7045359999999999
1;31;112,7,85,87,89;0
1;32;112,119,7,85,87;0.7045359999999999
1;32;112,119,7,87,90;0.657436
1;33;112,119,7,85,87;0.7045359999999999
1;33;112,119,62,85,87;0.681492
1;34;112,119,7,85,87;0.7045359999999999
1;34;112,119,81,85,87;0.6865879999999999
1;35;112,119,7,85,87;0.7045359999999999
1;35;119,19,7,85,87;0.6472180000000001
1;36;112,119,7,85,87;0.7045359999999999
1;36;112,119,7,85,87;0.7045359999999999
1;37;112,119,7,85,87;0.7045359999999999
1;37;112,119,124,7,87;0.644254
1;38;112,119,7,85,87;0.7045359999999999
1;38;112,119,120,7,87;0.597636
1;39;112,119,7,85,87;0.7045359999999999
1;39;112,119,7,85,87;0.7045359999999999
1;40;112,119,7,85,87;0.7045359999999999
1;40;112,42,7,85,87;0
1;41;112,119,7,85,87;0.7045359999999999
1;41;112,119,65,7,85;0
1;42;112,119,7,85,87;0.7045359999999999
1;42;112,119,7,85,87;0.7045359999999999
1;43;112,119,7,85,87;0.7045359999999999
1;43;112,119,34,85,87;0.6821919999999999
1;44;112,119,7,85,87;0.7045359999999999
1;44;112,119,7,85,87;0.7045359999999999
1;45;112,119,7,85,87;0.7045359999999999
1;45;112,119,7,85,99;0.6894439999999998
1;46;112,119,7,85,87;0.7045359999999999
1;46;112,119,38,7,87;0.655928
1;47;112,119,7,85,87;0.7045359999999999
1;47;112,119,50,85,87;0.634998
1;48;112,119,7,85,87;0.7045359999999999
1;48;112,119,7,85,87;0.7045359999999999
1;49;112,119,7,85,87;0.7045359999999999
1;49;112,7,82,85,87;0
1;50;112,119,7,85,87;0.7045359999999999
1;50;112,7,85,87,96;0
1;51;112,119,7,85,87;0.7045359999999999
1;51;112,119,7,85,87;0.7045359999999999
1;52;112,119,7,85,87;0.7045359999999999
1;52;112,119,7,85,87;0.7045359999999999
1;53;112,119,7,85,87;0.7045359999999999
1;53;112,119,7,85,87;0.7045359999999999
1;54;112,119,7,85,87;0.7045359999999999
1;54;112,119,7,85,87;0.7045359999999999
1;55;112,119,7,85,87;0.7045359999999999
1;55;119,7,78,85,87;0.7113399999999999
1;56;119,7,78,85,87;0.69692
1;56;119,7,78,85,87;0.69692
1;57;119,7,78,85,87;0.69692
1;57;5,7,78,85,87;0
1;58;119,7,78,85,87;0.69692
1;58;119,7,78,85,87;0.69692
1;59;119,7,78,85,87;0.69692
1;59;119,45,7,85,87;0.6397299999999999
1;60;119,7,78,85,87;0.69692
1;60;119,7,78,81,87;0.6907039999999999
1;61;119,7,78,85,87;0.69692
1;61;119,138,78,85,87;0.6275620000000001
1;62;119,7,78,85,87;0.69692
1;62;119,43,7,78,87;0.689556
1;63;119,7,78,85,87;0.69692
1;63;119,68,7,85,87;0.6958279999999999
1;64;119,7,78,85,87;0.69692
1;64;119,131,7,85,87;0.64038
1;65;119,7,78,85,87;0.69692
1;65;119,7,78,85,87;0.69692
1;66;119,7,78,85,87;0.69692
1;66;6,7,78,85,87;0
1;67;119,7,78,85,87;0.69692
1;67;119,129,78,85,87;0.6430839999999999
1;68;119,7,78,85,87;0.69692
1;68;119,7,78,85,87;0.69692
1;69;119,7,78,85,87;0.69692
1;69;119,57,78,85,87;0.631332
1;70;119,7,78,85,87;0.69692
1;70;119,7,78,85,87;0.69692
1;71;119,7,78,85,87;0.69692
1;71;119,78,79,85,87;0.6879040000000001
1;72;119,7,78,85,87;0.69692
1;72;106,119,7,78,85;0
1;73;119,7,78,85,87;0.69692
1;73;119,7,78,85,87;0.69692
1;74;119,7,78,85,87;0.69692
1;74;119,125,7,85,87;0.6942039999999998
1;75;119,7,78,85,87;0.69692
1;75;119,7,78,85,87;0.69692
1;76;119,7,78,85,87;0.69692
1;76;119,28,78,85,87;0.6833400000000001
1;77;119,7,78,85,87;0.69692
1;77;110,119,7,78,87;0.6926919999999999
1;78;119,7,78,85,87;0.69692
1;78;119,144,7,78,85;0
1;79;119,7,78,85,87;0.69692
1;79;119,76,78,85,87;0.693476
1;80;119,7,78,85,87;0.69692
1;80;119,7,78,85,87;0.69692
1;81;119,7,78,85,87;0.69692
1;81;119,18,7,78,87;0.644722
1;82;119,7,78,85,87;0.69692
1;82;119,7,78,85,95;0.640224
1;83;119,7,78,85,87;0.69692
1;83;119,124,7,78,85;0.641108
1;84;119,7,78,85,87;0.69692
1;84;119,53,7,78,85;0
1;85;119,7,78,85,87;0.69692
1;85;119,7,78,85,87;0.69692
1;86;119,7,78,85,87;0.69692
1;86;119,55,78,85,87;0.626028
1;87;119,7,78,85,87;0.69692
1;87;119,135,7,78,87;0.643214
1;88;119,7,78,85,87;0.69692
1;88;119,7,78,85,87;0.69692
1;89;119,7,78,85,87;0.69692
1;89;119,7,78,85,87;0.69692
1;90;119,7,78,85,87;0.69692
1;90;119,7,78,85,87;0.69692
1;91;119,7,78,85,87;0.69692
1;91;119,58,7,85,87;0.6471399999999999
1;92;119,7,78,85,87;0.69692
1;92;119,48,7,78,85;0
1;93;119,7,78,85,87;0.69692
1;93;119,7,78,85,87;0.69692
1;94;119,7,78,85,87;0.69692
1;94;119,7,78,85,87;0.69692
1;95;119,7,78,85,87;0.69692
1;95;101,119,7,85,87;0.6942879999999999
1;96;119,7,78,85,87;0.69692
1;96;119,36,7,78,85;0
1;97;119,7,78,85,87;0.69692
1;97;119,21,78,85,87;0.6331260000000001
1;98;119,7,78,85,87;0.69692
1;98;119,69,78,85,87;0.6322420000000001
1;99;119,7,78,85,87;0.69692
1;99;119,7,78,85,87;0.69692
1;100;119,7,78,85,87;0.69692
1;100;119,7,78,85,87;0.69692
execution;generation;chromosome;fitness 
2;1;124,3,46,54,78;0
2;2;124,3,46,54,78;0
2;2;124,20,3,46,78;0
2;3;124,3,46,54,78;0
2;3;1,3,46,54,78;0
2;4;124,3,46,54,78;0
2;4;124,3,46,54,78;0
2;5;124,3,46,54,78;0
2;5;124,3,54,78,96;0
2;6;124,3,46,54,78;0
2;6;124,3,46,54,78;0
2;7;124,3,46,54,78;0
2;7;124,3,46,54,78;0
2;8;124,3,46,54,78;0
2;8;124,3,46,65,78;0
2;9;124,3,46,54,78;0
2;9;124,3,46,78,81;0
2;10;124,3,46,54,78;0
2;10;124,3,46,54,78;0
2;11;124,3,46,54,78;0
2;11;3,31,46,54,78;0
2;12;124,3,46,54,78;0
2;12;3,46,54,78,89;0
2;13;124,3,46,54,78;0
2;13;124,3,46,54,78;0
2;14;124,3,46,54,78;0
2;14;124,3,46,54,78;0
2;15;124,3,46,54,78;0
2;15;124,3,46,51,54;0
2;16;124,3,46,54,78;0
2;16;124,3,40,46,78;0
2;17;124,3,46,54,78;0
2;17;124,3,46,54,78;0
2;18;124,3,46,54,78;0
2;18;124,23,3,54,78;0
2;19;124,3,46,54,78;0
2;19;124,3,54,78,90;0
2;20;124,3,46,54,78;0
2;20;124,3,46,48,54;0
2;21;124,3,46,54,78;0
2;21;124,139,3,54,78;0
2;22;124,3,46,54,78;0
2;22;124,3,46,54,78;0
2;23;124,3,46,54,78;0
2;23;3,30,46,54,78;0
2;24;124,3,46,54,78;0
2;24;124,144,3,46,78;0.5398800000000001
2;25;124,144,3,46,78;0.5517600000000001
2;25;102,124,144,3,46;0.5016
2;26;124,144,3,46,78;0.5517600000000001
2;26;105,124,144,46,78;0.60936
2;27;105,124,144,46,78;0.60936
2;27;105,124,144,46,78;0.60936
2;28;105,124,144,46,78;0.60936
2;28;124,144,46,78,91;0
2;29;105,124,144,46,78;0.60936
2;29;105,124,144,68,78;0
2;30;105,124,144,46,78;0.60936
2;30;105,124,144,78,96;0
2;31;105,124,144,46,78;0.60936
2;31;124,138,144,46,78;0.54659
2;32;105,124,144,46,78;0.60936
2;32;105,144,36,46,78;0
2;33;105,124,144,46,78;0.60936
2;33;124,144,46,78,95;0.559196
2;34;105,124,144,46,78;0.60936
2;34;105,124,144,46,78;0.60936
2;35;105,124,144,46,78;0.60936
2;35;124,144,46,77,78;0
2;36;105,124,144,46,78;0.60936
2;36;105,124,144,46,78;0.60936
2;37;105,124,144,46,78;0.60936
2;37;105,144,46,78,95;0.608544
2;38;105,124,144,46,78;0.60936
2;38;105,124,141,144,46;0.60936
2;39;105,124,144,46,78;0.60936
2;39;105,124,144,78,88;0
2;40;105,124,144,46,78;0.60936
2;40;105,124,144,46,78;0.60936
2;41;105,124,144,46,78;0.60936
2;41;124,144,46,76,78;0
2;42;105,124,144,46,78;0.60936
2;42;124,144,31,46,78;0
2;43;105,124,144,46,78;0.60936
2;43;1,105,124,46,78;0
2;44;105,124,144,46,78;0.60936
2;44;105,144,30,46,78;0
2;45;105,124,144,46,78;0.60936
2;45;105,124,144,46,78;0.60936
2;46;105,124,144,46,78;0.60936
2;46;105,144,46,5,78;0.65884
2;47;105,144,46,5,78;0.65884
2;47;144,46,47,5,78;0
2;48;105,144,46,5,78;0.65884
2;48;100,105,144,46,5;0.6081599999999999
2;49;105,144,46,5,78;0.65884
2;49;105,144,39,46,78;0
2;50;105,144,46,5,78;0.65884
2;50;105,144,46,5,78;0.65884
2;51;105,144,46,5,78;0.65884
2;51;105,144,30,46,5;0.6081599999999999
2;52;105,144,46,5,78;0.65884
2;52;144,46,5,78,79;0.647322
2;53;105,144,46,5,78;0.65884
2;53;105,144,46,5,78;0.65884
2;54;105,144,46,5,78;0.65884
2;54;105,144,36,46,5;0.6081599999999999
2;55;105,144,46,5,78;0.65884
2;55;115,144,46,5,78;0
2;56;105,144,46,5,78;0.65884
2;56;105,144,46,5,78;0.65884
2;57;105,144,46,5,78;0.65884
2;57;105,131,46,5,78;0
2;58;105,144,46,5,78;0.65884
2;58;105,115,144,46,5;0.6081599999999999
2;59;105,144,46,5,78;0.65884
2;59;105,144,46,5,59;0.65884
2;60;105,144,46,5,78;0.65884
2;60;105,46,5,77,78;0
2;61;105,144,46,5,78;0.65884
2;61;105,144,46,5,78;0.65884
2;62;105,144,46,5,78;0.65884
2;62;129,144,46,5,78;0
2;63;105,144,46,5,78;0.65884
2;63;105,144,46,5,78;0.65884
2;64;105,144,46,5,78;0.65884
2;64;105,144,145,46,78;0
2;65;105,144,46,5,78;0.65884
2;65;105,144,46,5,78;0.65884
2;66;105,144,46,5,78;0.65884
2;66;105,144,46,7,78;0
2;67;105,144,46,5,78;0.65884
2;67;105,144,46,5,78;0.65884
2;68;105,144,46,5,78;0.65884
2;68;105,144,5,72,78;0.6638580000000001
2;69;105,144,5,72,78;0.6638580000000001
2;69;105,5,72,78,88;0.7203839999999999
2;70;105,5,72,78,88;0.6909839999999999
2;70;105,5,78,87,88;0
2;71;105,5,72,78,88;0.6909839999999999
2;71;19,5,72,78,88;0
2;72;105,5,72,78,88;0.6909839999999999
2;72;105,5,78,80,88;0
2;73;105,5,72,78,88;0.6909839999999999
2;73;105,72,78,88,97;0
2;74;105,5,72,78,88;0.6909839999999999
2;74;105,20,5,78,88;0
2;75;105,5,72,78,88;0.6909839999999999
2;75;105,48,5,72,88;0.647738
2;76;105,5,72,78,88;0.6909839999999999
2;76;102,105,5,72,78;0.6416280000000001
2;77;105,5,72,78,88;0.6909839999999999
2;77;105,5,72,78,88;0.6909839999999999
2;78;105,5,72,78,88;0.6909839999999999
2;78;105,57,72,78,88;0.647972
2;79;105,5,72,78,88;0.6909839999999999
2;79;105,5,72,78,88;0.6909839999999999
2;80;105,5,72,78,88;0.6909839999999999
2;80;105,125,5,72,88;0.697564
2;81;105,125,5,72,88;0.697564
2;81;105,125,17,72,88;0
2;82;105,125,5,72,88;0.697564
2;82;105,119,125,72,88;0
2;83;105,125,5,72,88;0.697564
2;83;105,146,5,72,88;0.669604
2;84;105,125,5,72,88;0.697564
2;84;105,106,5,72,88;0.697564
2;85;105,125,5,72,88;0.697564
2;85;105,125,5,72,88;0.697564
2;86;105,125,5,72,88;0.697564
2;86;125,5,71,72,88;0.6461260000000002
2;87;105,125,5,72,88;0.697564
2;87;105,125,5,72,88;0.697564
2;88;105,125,5,72,88;0.697564
2;88;105,29,5,72,88;0.647738
2;89;105,125,5,72,88;0.697564
2;89;105,125,5,72,88;0.697564
2;90;105,125,5,72,88;0.697564
2;90;105,125,43,5,88;0
2;91;105,125,5,72,88;0.697564
2;91;105,48,5,72,88;0.63557
2;92;105,125,5,72,88;0.697564
2;92;105,125,5,72,88;0.697564
2;93;105,125,5,72,88;0.697564
2;93;105,25,5,72,88;0.6544460000000001
2;94;105,125,5,72,88;0.697564
2;94;105,125,72,88,94;0
2;95;105,125,5,72,88;0.697564
2;95;125,48,5,72,88;0.6334900000000001
2;96;105,125,5,72,88;0.697564
2;96;105,125,34,5,72;0
2;97;105,125,5,72,88;0.697564
2;97;105,115,5,72,88;0.6396780000000001
2;98;105,125,5,72,88;0.697564
2;98;105,13,5,72,88;0.634946
2;99;105,125,5,72,88;0.697564
2;99;105,125,5,72,88;0.697564
2;100;105,125,5,72,88;0.697564
2;100;105,125,5,7,88;0
execution;generation;chromosome;fitness 
3;1;138,24,28,40,41;0.646906
3;2;138,24,28,40,41;0.6511180000000002
3;2;134,24,28,40,41;0
3;3;138,24,28,40,41;0.6511180000000002
3;3;138,24,28,40,41;0.6511180000000002
3;4;138,24,28,40,41;0.6511180000000002
3;4;138,24,28,40,41;0.6511180000000002
3;5;138,24,28,40,41;0.6511180000000002
3;5;138,24,40,41,88;0.65104
3;6;138,24,28,40,41;0.6511180000000002
3;6;138,24,28,41,62;0.701204
3;7;138,24,28,41,62;0.701204
3;7;138,24,41,45,62;0
3;8;138,24,28,41,62;0.701204
3;8;122,138,24,28,41;0.6511180000000002
3;9;138,24,28,41,62;0.701204
3;9;138,24,28,41,62;0.701204
3;10;138,24,28,41,62;0.701204
3;10;138,24,28,41,62;0.701204
3;11;138,24,28,41,62;0.701204
3;11;14,24,28,41,62;0
3;12;138,24,28,41,62;0.701204
3;12;138,24,28,41,62;0.701204
3;13;138,24,28,41,62;0.701204
3;13;138,24,28,41,62;0.701204
3;14;138,24,28,41,62;0.701204
3;14;138,24,28,41,62;0.701204
3;15;138,24,28,41,62;0.701204
3;15;133,138,24,28,41;0.6511180000000002
3;16;138,24,28,41,62;0.701204
3;16;126,138,24,41,62;0
3;17;138,24,28,41,62;0.701204
3;17;119,24,28,41,62;0
3;18;138,24,28,41,62;0.701204
3;18;138,24,28,47,62;0.6511180000000002
3;19;138,24,28,41,62;0.701204
3;19;138,143,24,28,62;0.6511180000000002
3;20;138,24,28,41,62;0.701204
3;20;24,28,41,62,69;0
3;21;138,24,28,41,62;0.701204
3;21;138,24,28,41,62;0.701204
3;22;138,24,28,41,62;0.701204
3;22;138,24,41,49,62;0
3;23;138,24,28,41,62;0.701204
3;23;138,24,41,51,62;0
3;24;138,24,28,41,62;0.701204
3;24;138,23,28,41,62;0.6535100000000001
3;25;138,24,28,41,62;0.701204
3;25;138,24,28,41,62;0.701204
3;26;138,24,28,41,62;0.701204
3;26;138,24,28,41,62;0.701204
3;27;138,24,28,41,62;0.701204
3;27;106,138,24,28,62;0.701204
3;28;138,24,28,41,62;0.701204
3;28;24,28,41,62,67;0
3;29;138,24,28,41,62;0.701204
3;29;138,24,28,62,63;0.701204
3;30;138,24,28,41,62;0.701204
3;30;138,24,28,41,43;0.701204
3;31;138,24,28,41,62;0.701204
3;31;138,24,28,41,62;0.701204
3;32;138,24,28,41,62;0.701204
3;32;138,24,28,41,62;0.701204
3;33;138,24,28,41,62;0.701204
3;33;138,24,28,41,98;0.6511180000000002
3;34;138,24,28,41,62;0.701204
3;34;121,138,24,28,62;0.6511180000000002
3;35;138,24,28,41,62;0.701204
3;35;138,145,24,41,62;0
3;36;138,24,28,41,62;0.701204
3;36;138,144,28,41,62;0.6426940000000001
3;37;138,24,28,41,62;0.701204
3;37;138,24,28,41,62;0.701204
3;38;138,24,28,41,62;0.701204
3;38;114,138,24,41,62;0
3;39;138,24,28,41,62;0.701204
3;39;138,28,40,41,62;0.6414460000000001
3;40;138,24,28,41,62;0.701204
3;40;138,24,41,49,62;0
3;41;138,24,28,41,62;0.701204
3;41;138,24,29,41,62;0
3;42;138,24,28,41,62;0.701204
3;42;125,138,28,41,62;0.690788
3;43;138,24,28,41,62;0.701204
3;43;138,24,28,41,66;0.6511180000000002
3;44;138,24,28,41,62;0.701204
3;44;133,138,28,41,62;0.64831
3;45;138,24,28,41,62;0.701204
3;45;134,24,28,41,62;0
3;46;138,24,28,41,62;0.701204
3;46;138,24,28,41,62;0.701204
3;47;138,24,28,41,62;0.701204
3;47;138,24,28,41,62;0.701204
3;48;138,24,28,41,62;0.701204
3;48;138,145,24,41,62;0
3;49;138,24,28,41,62;0.701204
3;49;24,28,41,62,72;0
3;50;138,24,28,41,62;0.701204
3;50;138,24,27,28,62;0.6511180000000002
3;51;138,24,28,41,62;0.701204
3;51;138,28,41,62,90;0.6414460000000001
3;52;138,24,28,41,62;0.701204
3;52;121,24,28,41,62;0
3;53;138,24,28,41,62;0.701204
3;53;138,24,28,41,62;0.701204
3;54;138,24,28,41,62;0.701204
3;54;127,138,24,28,62;0.6511180000000002
3;55;138,24,28,41,62;0.701204
3;55;138,24,28,41,62;0.701204
3;56;138,24,28,41,62;0.701204
3;56;138,24,28,41,62;0.701204
3;57;138,24,28,41,62;0.701204
3;57;138,24,28,45,62;0.6511180000000002
3;58;138,24,28,41,62;0.701204
3;58;138,28,41,62,81;0.698824
3;59;138,24,28,41,62;0.701204
3;59;138,24,28,41,62;0.701204
3;60;138,24,28,41,62;0.701204
3;60;138,24,28,41,62;0.701204
3;61;138,24,28,41,62;0.701204
3;61;138,24,28,41,82;0.701204
3;62;138,24,28,41,62;0.701204
3;62;138,24,4,41,62;0.6908439999999999
3;63;138,24,28,41,62;0.701204
3;63;139,24,28,41,62;0
3;64;138,24,28,41,62;0.701204
3;64;131,138,24,41,62;0
3;65;138,24,28,41,62;0.701204
3;65;106,138,24,41,62;0
3;66;138,24,28,41,62;0.701204
3;66;138,24,28,41,52;0.6511180000000002
3;67;138,24,28,41,62;0.701204
3;67;138,24,28,41,62;0.701204
3;68;138,24,28,41,62;0.701204
3;68;138,24,28,41,62;0.701204
3;69;138,24,28,41,62;0.701204
3;69;24,28,38,41,62;0.730632
3;70;24,28,38,41,62;0.7246959999999999
3;70;24,38,4,41,62;0.714336
3;71;24,28,38,41,62;0.7246959999999999
3;71;24,28,38,41,62;0.7246959999999999
3;72;24,28,38,41,62;0.7246959999999999
3;72;132,24,28,38,41;0.672932
3;73;24,28,38,41,62;0.7246959999999999
3;73;24,28,41,62,76;0
3;74;24,28,38,41,62;0.7246959999999999
3;74;24,28,38,41,49;0.7246959999999999
3;75;24,28,38,41,62;0.7246959999999999
3;75;24,28,38,62,86;0.7246959999999999
3;76;24,28,38,41,62;0.7246959999999999
3;76;24,28,38,62,86;0.7246959999999999
3;77;24,28,38,41,62;0.7246959999999999
3;77;24,28,41,62,99;0
3;78;24,28,38,41,62;0.7246959999999999
3;78;24,28,38,41,62;0.7246959999999999
3;79;24,28,38,41,62;0.7246959999999999
3;79;24,28,38,41,80;0.672932
3;80;24,28,38,41,62;0.7246959999999999
3;80;28,31,38,41,62;0.7026319999999999
3;81;24,28,38,41,62;0.7246959999999999
3;81;24,28,38,41,62;0.7246959999999999
3;82;24,28,38,41,62;0.7246959999999999
3;82;24,28,38,41,62;0.7246959999999999
3;83;24,28,38,41,62;0.7246959999999999
3;83;143,24,28,38,41;0.672932
3;84;24,28,38,41,62;0.7246959999999999
3;84;102,24,28,41,62;0
3;85;24,28,38,41,62;0.7246959999999999
3;85;144,28,38,41,62;0.6663799999999999
3;86;24,28,38,41,62;0.7246959999999999
3;86;137,24,38,41,62;0
3;87;24,28,38,41,62;0.7246959999999999
3;87;21,24,28,38,41;0.672932
3;88;24,28,38,41,62;0.7246959999999999
3;88;24,38,41,62,75;0.7210839999999998
3;89;24,28,38,41,62;0.7246959999999999
3;89;24,38,41,48,62;0
3;90;24,28,38,41,62;0.7246959999999999
3;90;24,28,3,38,62;0.672932
3;91;24,28,38,41,62;0.7246959999999999
3;91;24,28,38,41,62;0.7246959999999999
3;92;24,28,38,41,62;0.7246959999999999
3;92;24,38,41,62,85;0
3;93;24,28,38,41,62;0.7246959999999999
3;93;13,28,38,41,62;0.637468
3;94;24,28,38,41,62;0.7246959999999999
3;94;107,24,38,41,62;0
3;95;24,28,38,41,62;0.7246959999999999
3;95;24,28,38,41,78;0.7246959999999999
3;96;24,28,38,41,62;0.7246959999999999
3;96;24,28,38,41,62;0.7246959999999999
3;97;24,28,38,41,62;0.7246959999999999
3;97;24,28,38,41,62;0.7246959999999999
3;98;24,28,38,41,62;0.7246959999999999
3;98;24,28,38,41,62;0.7246959999999999
3;99;24,28,38,41,62;0.7246959999999999
3;99;125,24,28,38,41;0.7246959999999999
3;100;24,28,38,41,62;0.7246959999999999
3;100;137,24,28,38,62;0.672932
execution;generation;chromosome;fitness 
4;1;109,127,5,84,87;0.643344
4;2;109,127,5,84,87;0.6509880000000001
4;2;127,14,5,84,87;0.688156
4;3;127,14,5,84,87;0.688156
4;3;127,14,5,84,87;0.688156
4;4;127,14,5,84,87;0.688156
4;4;107,14,5,84,87;0
4;5;127,14,5,84,87;0.688156
4;5;137,14,5,84,87;0
4;6;127,14,5,84,87;0.688156
4;6;120,127,14,5,84;0.6390020000000001
4;7;127,14,5,84,87;0.688156
4;7;14,5,55,84,87;0
4;8;127,14,5,84,87;0.688156
4;8;127,14,84,85,87;0.69706
4;9;127,14,84,85,87;0.696052
4;9;127,14,84,85,87;0.696052
4;10;127,14,84,85,87;0.696052
4;10;127,14,84,85,87;0.696052
4;11;127,14,84,85,87;0.696052
4;11;14,84,85,87,92;0
4;12;127,14,84,85,87;0.696052
4;12;127,14,84,85,87;0.696052
4;13;127,14,84,85,87;0.696052
4;13;127,14,52,84,87;0.6463340000000001
4;14;127,14,84,85,87;0.696052
4;14;127,14,142,84,85;0
4;15;127,14,84,85,87;0.696052
4;15;127,14,84,85,87;0.696052
4;16;127,14,84,85,87;0.696052
4;16;14,72,84,85,87;0.6935879999999999
4;17;127,14,84,85,87;0.696052
4;17;110,127,84,85,87;0.7086520000000001
4;18;110,127,84,85,87;0.7086520000000001
4;18;110,127,84,85,87;0.7086520000000001
4;19;110,127,84,85,87;0.7086520000000001
4;19;127,22,84,85,87;0.6443840000000001
4;20;110,127,84,85,87;0.7086520000000001
4;20;110,121,127,84,85;0
4;21;110,127,84,85,87;0.7086520000000001
4;21;110,127,49,84,87;0.7086520000000001
4;22;110,127,84,85,87;0.7086520000000001
4;22;110,127,84,85,87;0.7086520000000001
4;23;110,127,84,85,87;0.7086520000000001
4;23;110,127,84,85,87;0.7086520000000001
4;24;110,127,84,85,87;0.7086520000000001
4;24;110,127,53,84,87;0.6580340000000001
4;25;110,127,84,85,87;0.7086520000000001
4;25;127,48,84,85,87;0.6398860000000001
4;26;110,127,84,85,87;0.7086520000000001
4;26;110,127,4,85,87;0.7086520000000001
4;27;110,127,84,85,87;0.7086520000000001
4;27;110,127,84,85,87;0.7086520000000001
4;28;110,127,84,85,87;0.7086520000000001
4;28;110,136,84,85,87;0
4;29;110,127,84,85,87;0.7086520000000001
4;29;110,123,84,85,87;0.7142799999999998
4;30;110,123,84,85,87;0.7142799999999998
4;30;110,21,84,85,87;0
4;31;110,123,84,85,87;0.7142799999999998
4;31;123,42,84,85,87;0.6644559999999999
4;32;110,123,84,85,87;0.7142799999999998
4;32;110,82,84,85,87;0
4;33;110,123,84,85,87;0.7142799999999998
4;33;11,123,84,85,87;0.718844
4;34;11,123,84,85,87;0.718844
4;34;11,123,6,84,87;0.6635719999999999
4;35;11,123,84,85,87;0.718844
4;35;11,123,17,84,85;0
4;36;11,123,84,85,87;0.718844
4;36;11,123,84,85,87;0.718844
4;37;11,123,84,85,87;0.718844
4;37;11,123,20,85,87;0.6654439999999999
4;38;11,123,84,85,87;0.718844
4;38;11,123,84,85,87;0.718844
4;39;11,123,84,85,87;0.718844
4;39;11,64,84,85,87;0
4;40;11,123,84,85,87;0.718844
4;40;123,83,84,85,87;0.654212
4;41;11,123,84,85,87;0.718844
4;41;11,123,84,85,87;0.718844
4;42;11,123,84,85,87;0.718844
4;42;123,26,84,85,87;0.6494540000000001
4;43;11,123,84,85,87;0.718844
4;43;11,123,84,85,87;0.718844
4;44;11,123,84,85,87;0.718844
4;44;107,11,84,85,87;0
4;45;11,123,84,85,87;0.718844
4;45;11,123,140,84,87;0.7146159999999999
4;46;11,123,84,85,87;0.718844
4;46;123,74,84,85,87;0.654056
4;47;11,123,84,85,87;0.718844
4;47;11,123,84,85,87;0.718844
4;48;11,123,84,85,87;0.718844
4;48;11,123,57,84,85;0.6665100000000002
4;49;11,123,84,85,87;0.718844
4;49;11,35,84,85,87;0
4;50;11,123,84,85,87;0.718844
4;50;11,123,48,84,85;0
4;51;11,123,84,85,87;0.718844
4;51;11,123,31,85,87;0.720608
4;52;11,123,31,85,87;0.720608
4;52;123,31,64,85,87;0.702128
4;53;11,123,31,85,87;0.720608
4;53;11,123,31,85,87;0.720608
4;54;11,123,31,85,87;0.720608
4;54;11,123,31,85,87;0.720608
4;55;11,123,31,85,87;0.720608
4;55;11,123,31,72,87;0.66521
4;56;11,123,31,85,87;0.720608
4;56;11,115,31,85,87;0
4;57;11,123,31,85,87;0.720608
4;57;123,31,77,85,87;0.6446179999999999
4;58;11,123,31,85,87;0.720608
4;58;11,132,31,85,87;0
4;59;11,123,31,85,87;0.720608
4;59;11,114,123,31,85;0.7161
4;60;11,123,31,85,87;0.720608
4;60;11,123,31,85,87;0.720608
4;61;11,123,31,85,87;0.720608
4;61;11,123,31,85,87;0.720608
4;62;11,123,31,85,87;0.720608
4;62;11,123,85,87,89;0.6306300000000001
4;63;11,123,31,85,87;0.720608
4;63;11,31,38,85,87;0.735868
4;64;11,31,38,85,87;0.7282519999999998
4;64;11,3,38,85,87;0.655408
4;65;11,31,38,85,87;0.7282519999999998
4;65;102,11,31,38,85;0
4;66;11,31,38,85,87;0.7282519999999998
4;66;11,2,38,85,87;0.7313599999999998
4;67;11,2,38,85,87;0.7313599999999998
4;67;11,2,38,85,87;0.7313599999999998
4;68;11,2,38,85,87;0.7313599999999998
4;68;11,2,44,85,87;0
4;69;11,2,38,85,87;0.7313599999999998
4;69;11,2,38,69,87;0.67912
4;70;11,2,38,85,87;0.7313599999999998
4;70;11,38,41,85,87;0.7352519999999998
4;71;11,38,41,85,87;0.7352519999999998
4;71;11,38,41,85,87;0.7352519999999998
4;72;11,38,41,85,87;0.7352519999999998
4;72;11,38,41,85,87;0.7352519999999998
4;73;11,38,41,85,87;0.7352519999999998
4;73;11,129,38,41,85;0.682734
4;74;11,38,41,85,87;0.7352519999999998
4;74;11,30,41,85,87;0
4;75;11,38,41,85,87;0.7352519999999998
4;75;11,41,59,85,87;0
4;76;11,38,41,85,87;0.7352519999999998
4;76;11,38,41,85,87;0.7352519999999998
4;77;11,38,41,85,87;0.7352519999999998
4;77;11,41,85,87,89;0
4;78;11,38,41,85,87;0.7352519999999998
4;78;38,41,67,85,87;0.661076
4;79;11,38,41,85,87;0.7352519999999998
4;79;11,41,57,85,87;0
4;80;11,38,41,85,87;0.7352519999999998
4;80;11,114,38,85,87;0.7313599999999998
4;81;11,38,41,85,87;0.7352519999999998
4;81;11,38,41,85,87;0.7352519999999998
4;82;11,38,41,85,87;0.7352519999999998
4;82;106,11,38,41,85;0.7352519999999998
4;83;11,38,41,85,87;0.7352519999999998
4;83;11,38,41,74,87;0.682734
4;84;11,38,41,85,87;0.7352519999999998
4;84;11,38,41,60,87;0.682734
4;85;11,38,41,85,87;0.7352519999999998
4;85;11,38,41,85,87;0.7352519999999998
4;86;11,38,41,85,87;0.7352519999999998
4;86;107,11,38,41,87;0.7352519999999998
4;87;11,38,41,85,87;0.7352519999999998
4;87;11,135,41,85,87;0.7113399999999999
4;88;11,38,41,85,87;0.7352519999999998
4;88;11,144,38,41,85;0.682734
4;89;11,38,41,85,87;0.7352519999999998
4;89;11,117,38,85,87;0.6833060000000001
4;90;11,38,41,85,87;0.7352519999999998
4;90;11,38,41,52,87;0.682734
4;91;11,38,41,85,87;0.7352519999999998
4;91;11,38,41,85,87;0.7352519999999998
4;92;11,38,41,85,87;0.7352519999999998
4;92;11,33,38,85,87;0.6833060000000001
4;93;11,38,41,85,87;0.7352519999999998
4;93;11,38,41,85,87;0.7352519999999998
4;94;11,38,41,85,87;0.7352519999999998
4;94;11,38,49,85,87;0.735868
4;95;11,38,49,85,87;0.735868
4;95;11,19,49,85,87;0.7005879999999999
4;96;11,38,49,85,87;0.735868
4;96;11,48,49,85,87;0.7100239999999998
4;97;11,38,49,85,87;0.735868
4;97;11,38,49,70,87;0.735868
4;98;11,38,49,85,87;0.735868
4;98;38,45,49,85,87;0.641888
4;99;11,38,49,85,87;0.735868
4;99;11,38,49,85,87;0.735868
4;100;11,38,49,85,87;0.735868
4;100;11,38,49,8,85;0
execution;generation;chromosome;fitness 
5;1;121,130,4,70,82;0
5;2;121,130,4,70,82;0
5;2;121,32,4,70,82;0
5;3;121,130,4,70,82;0
5;3;121,130,4,82,92;0
5;4;121,130,4,70,82;0
5;4;121,130,4,70,82;0
5;5;121,130,4,70,82;0
5;5;130,19,4,70,82;0
5;6;121,130,4,70,82;0
5;6;121,140,4,70,82;0
5;7;121,130,4,70,82;0
5;7;130,4,70,75,82;0
5;8;121,130,4,70,82;0
5;8;121,130,70,82,98;0
5;9;121,130,4,70,82;0
5;9;130,4,50,70,82;0
5;10;121,130,4,70,82;0
5;10;130,4,70,81,82;0
5;11;121,130,4,70,82;0
5;11;121,145,4,70,82;0
5;12;121,130,4,70,82;0
5;12;121,130,143,4,70;0
5;13;121,130,4,70,82;0
5;13;121,130,4,70,82;0
5;14;121,130,4,70,82;0
5;14;121,130,4,40,70;0
5;15;121,130,4,70,82;0
5;15;115,121,130,70,82;0
5;16;121,130,4,70,82;0
5;16;121,130,4,70,82;0
5;17;121,130,4,70,82;0
5;17;121,130,4,70,82;0
5;18;121,130,4,70,82;0
5;18;121,130,52,70,82;0
5;19;121,130,4,70,82;0
5;19;121,130,4,70,82;0
5;20;121,130,4,70,82;0
5;20;121,130,4,70,82;0
5;21;121,130,4,70,82;0
5;21;110,121,4,70,82;0
5;22;121,130,4,70,82;0
5;22;121,130,22,4,82;0
5;23;121,130,4,70,82;0
5;23;121,130,4,70,82;0
5;24;121,130,4,70,82;0
5;24;121,130,4,53,82;0
5;25;121,130,4,70,82;0
5;25;121,130,4,70,82;0
5;26;121,130,4,70,82;0
5;26;121,130,23,4,82;0
5;27;121,130,4,70,82;0
5;27;121,130,4,70,82;0
5;28;121,130,4,70,82;0
5;28;121,130,4,70,82;0
5;29;121,130,4,70,82;0
5;29;121,130,4,70,82;0
5;30;121,130,4,70,82;0
5;30;121,130,4,70,82;0
5;31;121,130,4,70,82;0
5;31;121,130,4,70,82;0
5;32;121,130,4,70,82;0
5;32;113,121,130,70,82;0
5;33;121,130,4,70,82;0
5;33;121,130,4,70,82;0
5;34;121,130,4,70,82;0
5;34;121,130,4,47,70;0
5;35;121,130,4,70,82;0
5;35;130,143,4,70,82;0
5;36;121,130,4,70,82;0
5;36;121,126,130,4,82;0
5;37;121,130,4,70,82;0
5;37;121,130,15,70,82;0
5;38;121,130,4,70,82;0
5;38;121,130,4,70,82;0
5;39;121,130,4,70,82;0
5;39;121,130,4,70,82;0
5;40;121,130,4,70,82;0
5;40;130,23,4,70,82;0
5;41;121,130,4,70,82;0
5;41;121,130,4,70,82;0
5;42;121,130,4,70,82;0
5;42;1,121,130,4,70;0
5;43;121,130,4,70,82;0
5;43;121,130,34,4,70;0
5;44;121,130,4,70,82;0
5;44;10,121,130,70,82;0
5;45;121,130,4,70,82;0
5;45;121,130,131,70,82;0
5;46;121,130,4,70,82;0
5;46;130,35,4,70,82;0
5;47;121,130,4,70,82;0
5;47;121,130,4,70,82;0
5;48;121,130,4,70,82;0
5;48;121,130,4,70,82;0
5;49;121,130,4,70,82;0
5;49;121,130,70,72,82;0
5;50;121,130,4,70,82;0
5;50;121,130,34,4,82;0
5;51;121,130,4,70,82;0
5;51;121,130,4,70,82;0
5;52;121,130,4,70,82;0
5;52;121,130,4,70,82;0
5;53;121,130,4,70,82;0
5;53;121,130,7,70,82;0
5;54;121,130,4,70,82;0
5;54;103,121,130,4,70;0
5;55;121,130,4,70,82;0
5;55;121,130,4,70,82;0
5;56;121,130,4,70,82;0
5;56;121,130,36,70,82;0
5;57;121,130,4,70,82;0
5;57;121,130,4,70,82;0
5;58;121,130,4,70,82;0
5;58;121,130,4,70,82;0
5;59;121,130,4,70,82;0
5;59;121,123,130,70,82;0
5;60;121,130,4,70,82;0
5;60;121,130,4,70,82;0
5;61;121,130,4,70,82;0
5;61;121,28,4,70,82;0
5;62;121,130,4,70,82;0
5;62;121,4,50,70,82;0
5;63;121,130,4,70,82;0
5;63;121,130,4,63,82;0
5;64;121,130,4,70,82;0
5;64;121,130,4,70,82;0
5;65;121,130,4,70,82;0
5;65;121,130,4,70,82;0
5;66;121,130,4,70,82;0
5;66;121,143,4,70,82;0
5;67;121,130,4,70,82;0
5;67;102,121,130,70,82;0
5;68;121,130,4,70,82;0
5;68;121,130,70,78,82;0
5;69;121,130,4,70,82;0
5;69;121,130,70,75,82;0
5;70;121,130,4,70,82;0
5;70;130,4,70,82,98;0
5;71;121,130,4,70,82;0
5;71;121,130,33,4,82;0
5;72;121,130,4,70,82;0
5;72;121,130,70,75,82;0
5;73;121,130,4,70,82;0
5;73;121,130,4,70,82;0
5;74;121,130,4,70,82;0
5;74;121,4,61,70,82;0
5;75;121,130,4,70,82;0
5;75;121,130,4,70,84;0
5;76;121,130,4,70,82;0
5;76;121,130,4,70,82;0
5;77;121,130,4,70,82;0
5;77;103,121,130,4,70;0
5;78;121,130,4,70,82;0
5;78;121,130,66,70,82;0
5;79;121,130,4,70,82;0
5;79;121,130,4,48,70;0
5;80;121,130,4,70,82;0
5;80;130,27,4,70,82;0.6738759999999999
5;81;130,27,4,70,82;0.6738759999999999
5;81;130,27,4,70,82;0.6738759999999999
5;82;130,27,4,70,82;0.6738759999999999
5;82;130,27,4,70,82;0.6738759999999999
5;83;130,27,4,70,82;0.6738759999999999
5;83;109,130,4,70,82;0
5;84;130,27,4,70,82;0.6738759999999999
5;84;130,18,27,4,82;0.622648
5;85;130,27,4,70,82;0.6738759999999999
5;85;130,27,4,70,82;0.6738759999999999
5;86;130,27,4,70,82;0.6738759999999999
5;86;125,27,4,70,82;0.671272
5;87;130,27,4,70,82;0.6738759999999999
5;87;130,27,4,70,71;0.625742
5;88;130,27,4,70,82;0.6738759999999999
5;88;130,27,34,4,82;0.6667639999999999
5;89;130,27,4,70,82;0.6738759999999999
5;89;130,27,37,4,82;0.6774039999999999
5;90;130,27,37,4,82;0.6774039999999999
5;90;130,27,4,41,82;0
5;91;130,27,37,4,82;0.6774039999999999
5;91;130,27,37,82,94;0
5;92;130,27,37,4,82;0.6774039999999999
5;92;130,27,37,4,52;0.6290180000000001
5;93;130,27,37,4,82;0.6774039999999999
5;93;130,143,37,4,82;0
5;94;130,27,37,4,82;0.6774039999999999
5;94;130,27,34,4,82;0.6667639999999999
5;95;130,27,37,4,82;0.6774039999999999
5;95;130,27,37,4,82;0.6774039999999999
5;96;130,27,37,4,82;0.6774039999999999
5;96;130,27,37,4,82;0.6774039999999999
5;97;130,27,37,4,82;0.6774039999999999
5;97;114,130,27,37,4;0.6774039999999999
5;98;130,27,37,4,82;0.6774039999999999
5;98;1,130,27,4,82;0.6671560000000001
5;99;130,27,37,4,82;0.6774039999999999
5;99;130,27,4,72,82;0
5;100;130,27,37,4,82;0.6774039999999999
5;100;120,130,27,37,82;0
execution;generation;chromosome;fitness 
6;1;129,134,35,72,79;0.6075839999999999
6;2;129,134,35,72,79;0.6111840000000001
6;2;129,134,35,72,79;0.6111840000000001
6;3;129,134,35,72,79;0.6111840000000001
6;3;129,134,35,72,79;0.6111840000000001
6;4;129,134,35,72,79;0.6111840000000001
6;4;134,35,72,79,92;0.6498960000000001
6;5;134,35,72,79,92;0.654316
6;5;134,35,72,79,92;0.654316
6;6;134,35,72,79,92;0.654316
6;6;134,35,72,92,99;0
6;7;134,35,72,79,92;0.654316
6;7;134,35,72,83,92;0
6;8;134,35,72,79,92;0.654316
6;8;134,139,72,79,92;0.593352
6;9;134,35,72,79,92;0.654316
6;9;134,35,72,79,92;0.654316
6;10;134,35,72,79,92;0.654316
6;10;134,35,73,79,92;0
6;11;134,35,72,79,92;0.654316
6;11;134,35,72,79,92;0.654316
6;12;134,35,72,79,92;0.654316
6;12;126,134,35,72,92;0
6;13;134,35,72,79,92;0.654316
6;13;134,35,43,72,79;0.654316
6;14;134,35,72,79,92;0.654316
6;14;134,35,72,79,92;0.654316
6;15;134,35,72,79,92;0.654316
6;15;134,35,44,79,92;0
6;16;134,35,72,79,92;0.654316
6;16;35,72,79,92,99;0.691124
6;17;35,72,79,92,99;0.69692
6;17;27,35,72,79,99;0.6471399999999999
6;18;35,72,79,92,99;0.69692
6;18;35,72,79,92,99;0.69692
6;19;35,72,79,92,99;0.69692
6;19;20,35,79,92,99;0
6;20;35,72,79,92,99;0.69692
6;20;35,46,72,79,99;0.6471399999999999
6;21;35,72,79,92,99;0.69692
6;21;124,35,72,92,99;0
6;22;35,72,79,92,99;0.69692
6;22;35,79,9,92,99;0
6;23;35,72,79,92,99;0.69692
6;23;35,72,79,92,99;0.69692
6;24;35,72,79,92,99;0.69692
6;24;35,47,72,79,92;0.6471399999999999
6;25;35,72,79,92,99;0.69692
6;25;35,72,79,92,99;0.69692
6;26;35,72,79,92,99;0.69692
6;26;35,72,79,92,99;0.69692
6;27;35,72,79,92,99;0.69692
6;27;35,72,79,85,99;0.69692
6;28;35,72,79,92,99;0.69692
6;28;11,35,79,92,99;0
6;29;35,72,79,92,99;0.69692
6;29;35,79,85,92,99;0
6;30;35,72,79,92,99;0.69692
6;30;35,72,79,92,99;0.69692
6;31;35,72,79,92,99;0.69692
6;31;35,67,79,92,99;0
6;32;35,72,79,92,99;0.69692
6;32;35,72,79,92,99;0.69692
6;33;35,72,79,92,99;0.69692
6;33;35,59,72,79,92;0.69692
6;34;35,72,79,92,99;0.69692
6;34;35,43,72,79,92;0.69692
6;35;35,72,79,92,99;0.69692
6;35;35,79,81,92,99;0
6;36;35,72,79,92,99;0.69692
6;36;35,72,79,92,99;0.69692
6;37;35,72,79,92,99;0.69692
6;37;27,72,79,92,99;0.6061900000000001
6;38;35,72,79,92,99;0.69692
6;38;35,72,79,92,99;0.69692
6;39;35,72,79,92,99;0.69692
6;39;138,35,72,92,99;0.6406399999999999
6;40;35,72,79,92,99;0.69692
6;40;35,72,79,92,99;0.69692
6;41;35,72,79,92,99;0.69692
6;41;35,46,72,79,92;0.6471399999999999
6;42;35,72,79,92,99;0.69692
6;42;117,35,79,92,99;0
6;43;35,72,79,92,99;0.69692
6;43;35,51,72,79,92;0.6471399999999999
6;44;35,72,79,92,99;0.69692
6;44;35,72,79,92,99;0.69692
6;45;35,72,79,92,99;0.69692
6;45;35,72,79,92,99;0.69692
6;46;35,72,79,92,99;0.69692
6;46;35,72,79,87,99;0.69692
6;47;35,72,79,92,99;0.69692
6;47;35,72,79,92,99;0.69692
6;48;35,72,79,92,99;0.69692
6;48;35,72,79,92,99;0.69692
6;49;35,72,79,92,99;0.69692
6;49;35,70,72,92,99;0
6;50;35,72,79,92,99;0.69692
6;50;38,72,79,92,99;0.650936
6;51;35,72,79,92,99;0.69692
6;51;35,72,79,92,99;0.69692
6;52;35,72,79,92,99;0.69692
6;52;125,35,72,79,99;0.69692
6;53;35,72,79,92,99;0.69692
6;53;145,35,72,79,92;0.6471399999999999
6;54;35,72,79,92,99;0.69692
6;54;35,72,79,92,99;0.69692
6;55;35,72,79,92,99;0.69692
6;55;35,72,79,92,99;0.69692
6;56;35,72,79,92,99;0.69692
6;56;35,64,79,92,99;0
6;57;35,72,79,92,99;0.69692
6;57;47,72,79,92,99;0.6353620000000001
6;58;35,72,79,92,99;0.69692
6;58;139,35,79,92,99;0
6;59;35,72,79,92,99;0.69692
6;59;122,72,79,92,99;0.639548
6;60;35,72,79,92,99;0.69692
6;60;17,35,72,79,99;0.6471399999999999
6;61;35,72,79,92,99;0.69692
6;61;35,72,79,92,99;0.69692
6;62;35,72,79,92,99;0.69692
6;62;19,35,79,92,99;0
6;63;35,72,79,92,99;0.69692
6;63;110,35,72,79,92;0.69692
6;64;35,72,79,92,99;0.69692
6;64;35,67,72,92,99;0
6;65;35,72,79,92,99;0.69692
6;65;35,72,79,92,99;0.69692
6;66;35,72,79,92,99;0.69692
6;66;35,72,79,92,99;0.69692
6;67;35,72,79,92,99;0.69692
6;67;114,35,72,79,92;0.69692
6;68;35,72,79,92,99;0.69692
6;68;109,35,72,79,92;0.6471399999999999
6;69;35,72,79,92,99;0.69692
6;69;33,72,79,92,99;0.654914
6;70;35,72,79,92,99;0.69692
6;70;35,72,79,88,99;0.69692
6;71;35,72,79,92,99;0.69692
6;71;35,72,79,92,99;0.69692
6;72;35,72,79,92,99;0.69692
6;72;35,72,79,92,99;0.69692
6;73;35,72,79,92,99;0.69692
6;73;35,72,79,92,99;0.69692
6;74;35,72,79,92,99;0.69692
6;74;35,59,79,92,99;0
6;75;35,72,79,92,99;0.69692
6;75;35,55,72,92,99;0
6;76;35,72,79,92,99;0.69692
6;76;35,72,79,92,99;0.69692
6;77;35,72,79,92,99;0.69692
6;77;133,35,79,92,99;0
6;78;35,72,79,92,99;0.69692
6;78;35,72,79,92,99;0.69692
6;79;35,72,79,92,99;0.69692
6;79;35,72,79,92,99;0.69692
6;80;35,72,79,92,99;0.69692
6;80;35,55,72,79,99;0.6471399999999999
6;81;35,72,79,92,99;0.69692
6;81;124,72,79,92,99;0.6374940000000001
6;82;35,72,79,92,99;0.69692
6;82;128,35,79,92,99;0
6;83;35,72,79,92,99;0.69692
6;83;43,72,79,92,99;0.689892
6;84;35,72,79,92,99;0.69692
6;84;35,72,79,92,99;0.69692
6;85;35,72,79,92,99;0.69692
6;85;35,55,79,92,99;0
6;86;35,72,79,92,99;0.69692
6;86;35,69,72,79,92;0.6471399999999999
6;87;35,72,79,92,99;0.69692
6;87;35,72,79,92,99;0.69692
6;88;35,72,79,92,99;0.69692
6;88;35,72,79,92,99;0.69692
6;89;35,72,79,92,99;0.69692
6;89;145,72,79,92,99;0.63934
6;90;35,72,79,92,99;0.69692
6;90;35,72,73,92,99;0
6;91;35,72,79,92,99;0.69692
6;91;35,61,72,79,92;0.6471399999999999
6;92;35,72,79,92,99;0.69692
6;92;35,72,86,92,99;0.7010639999999999
6;93;35,72,86,92,99;0.7010639999999999
6;93;35,72,86,92,99;0.7010639999999999
6;94;35,72,86,92,99;0.7010639999999999
6;94;117,35,72,86,92;0.650988
6;95;35,72,86,92,99;0.7010639999999999
6;95;35,86,87,92,99;0
6;96;35,72,86,92,99;0.7010639999999999
6;96;66,72,86,92,99;0.6578
6;97;35,72,86,92,99;0.7010639999999999
6;97;35,72,86,92,99;0.7010639999999999
6;98;35,72,86,92,99;0.7010639999999999
6;98;114,35,86,92,99;0
6;99;35,72,86,92,99;0.7010639999999999
6;99;101,35,72,92,99;0
6;100;35,72,86,92,99;0.7010639999999999
6;100;35,72,74,86,99;0.650988
execution;generation;chromosome;fitness 
7;1;125,130,22,26,48;0
7;2;125,130,22,26,48;0
7;2;125,130,22,26,89;0
7;3;125,130,22,26,48;0
7;3;112,130,22,26,48;0
7;4;125,130,22,26,48;0
7;4;125,135,22,26,48;0
7;5;125,130,22,26,48;0
7;5;125,130,22,26,63;0
7;6;125,130,22,26,48;0
7;6;105,125,130,26,48;0
7;7;125,130,22,26,48;0
7;7;109,125,130,22,26;0
7;8;125,130,22,26,48;0
7;8;125,130,22,26,48;0
7;9;125,130,22,26,48;0
7;9;125,130,22,26,48;0
7;10;125,130,22,26,48;0
7;10;12,125,130,22,48;0
7;11;125,130,22,26,48;0
7;11;125,130,22,26,48;0
7;12;125,130,22,26,48;0
7;12;125,130,22,26,48;0
7;13;125,130,22,26,48;0
7;13;125,130,22,26,48;0
7;14;125,130,22,26,48;0
7;14;130,22,26,48,88;0.617664
7;15;130,22,26,48,88;0.617664
7;15;130,22,26,48,88;0.617664
7;16;130,22,26,48,88;0.617664
7;16;130,22,25,26,88;0.617664
7;17;130,22,26,48,88;0.617664
7;17;130,22,26,48,88;0.617664
7;18;130,22,26,48,88;0.617664
7;18;130,145,22,26,48;0
7;19;130,22,26,48,88;0.617664
7;19;139,22,26,48,88;0
7;20;130,22,26,48,88;0.617664
7;20;130,22,26,48,88;0.617664
7;21;130,22,26,48,88;0.617664
7;21;130,26,48,61,88;0.597264
7;22;130,22,26,48,88;0.617664
7;22;130,22,26,48,88;0.617664
7;23;130,22,26,48,88;0.617664
7;23;130,22,26,48,88;0.617664
7;24;130,22,26,48,88;0.617664
7;24;130,22,26,59,88;0.6687459999999998
7;25;130,22,26,59,88;0.6687459999999998
7;25;130,22,26,42,88;0.619752
7;26;130,22,26,59,88;0.6687459999999998
7;26;130,22,48,59,88;0.674726
7;27;130,22,48,59,88;0.674726
7;27;22,48,58,59,88;0
7;28;130,22,48,59,88;0.674726
7;28;130,22,48,59,88;0.674726
7;29;130,22,48,59,88;0.674726
7;29;130,22,48,59,88;0.674726
7;30;130,22,48,59,88;0.674726
7;30;130,22,48,59,88;0.674726
7;31;130,22,48,59,88;0.674726
7;31;130,22,48,59,88;0.674726
7;32;130,22,48,59,88;0.674726
7;32;130,28,48,59,88;0.721868
7;33;130,28,48,59,88;0.721868
7;33;130,28,48,59,88;0.721868
7;34;130,28,48,59,88;0.721868
7;34;130,28,59,82,88;0
7;35;130,28,48,59,88;0.721868
7;35;130,28,48,59,64;0.721868
7;36;130,28,48,59,88;0.721868
7;36;130,25,28,48,59;0.670306
7;37;130,28,48,59,88;0.721868
7;37;130,28,48,59,88;0.721868
7;38;130,28,48,59,88;0.721868
7;38;130,41,48,59,88;0.721784
7;39;130,28,48,59,88;0.721868
7;39;130,132,28,48,59;0.670306
7;40;130,28,48,59,88;0.721868
7;40;130,28,48,59,67;0.670306
7;41;130,28,48,59,88;0.721868
7;41;130,28,48,59,88;0.721868
7;42;130,28,48,59,88;0.721868
7;42;130,28,48,59,88;0.721868
7;43;130,28,48,59,88;0.721868
7;43;28,48,59,88,95;0.658476
7;44;130,28,48,59,88;0.721868
7;44;28,34,48,59,88;0.698908
7;45;130,28,48,59,88;0.721868
7;45;130,48,59,78,88;0.7156240000000001
7;46;130,28,48,59,88;0.721868
7;46;28,48,59,76,88;0.710444
7;47;130,28,48,59,88;0.721868
7;47;117,130,28,48,59;0.670306
7;48;130,28,48,59,88;0.721868
7;48;130,144,48,59,88;0.6655480000000001
7;49;130,28,48,59,88;0.721868
7;49;130,28,48,61,88;0
7;50;130,28,48,59,88;0.721868
7;50;130,28,48,59,88;0.721868
7;51;130,28,48,59,88;0.721868
7;51;130,28,48,59,88;0.721868
7;52;130,28,48,59,88;0.721868
7;52;130,140,28,48,59;0.721868
7;53;130,28,48,59,88;0.721868
7;53;28,48,5,59,88;0.71246
7;54;130,28,48,59,88;0.721868
7;54;130,28,33,48,59;0.670306
7;55;130,28,48,59,88;0.721868
7;55;130,48,59,68,88;0.691992
7;56;130,28,48,59,88;0.721868
7;56;28,48,59,88,95;0.658476
7;57;130,28,48,59,88;0.721868
7;57;130,28,43,59,88;0
7;58;130,28,48,59,88;0.721868
7;58;130,28,48,59,88;0.721868
7;59;130,28,48,59,88;0.721868
7;59;22,28,48,59,88;0.6640920000000001
7;60;130,28,48,59,88;0.721868
7;60;130,28,48,59,88;0.721868
7;61;130,28,48,59,88;0.721868
7;61;28,48,59,8,88;0.7281400000000001
7;62;28,48,59,8,88;0.710332
7;62;105,28,59,8,88;0.77424
7;63;105,28,59,8,88;0.77424
7;63;105,28,51,59,88;0
7;64;105,28,59,8,88;0.77424
7;64;105,28,59,8,88;0.77424
7;65;105,28,59,8,88;0.77424
7;65;28,59,8,88,99;0.7747200000000001
7;66;28,59,8,88,99;0.7801500000000001
7;66;28,59,8,88,99;0.7801500000000001
7;67;28,59,8,88,99;0.7801500000000001
7;67;129,28,59,8,88;0.7281400000000001
7;68;28,59,8,88,99;0.7801500000000001
7;68;28,40,59,8,99;0.7281400000000001
7;69;28,59,8,88,99;0.7801500000000001
7;69;28,59,8,88,99;0.7801500000000001
7;70;28,59,8,88,99;0.7801500000000001
7;70;28,76,8,88,99;0
7;71;28,59,8,88,99;0.7801500000000001
7;71;28,59,8,88,99;0.7801500000000001
7;72;28,59,8,88,99;0.7801500000000001
7;72;28,59,8,88,99;0.7801500000000001
7;73;28,59,8,88,99;0.7801500000000001
7;73;28,33,8,88,99;0.7292039999999999
7;74;28,59,8,88,99;0.7801500000000001
7;74;28,59,8,88,99;0.7801500000000001
7;75;28,59,8,88,99;0.7801500000000001
7;75;2,28,59,8,99;0.7801500000000001
7;76;28,59,8,88,99;0.7801500000000001
7;76;28,59,8,88,99;0.7801500000000001
7;77;28,59,8,88,99;0.7801500000000001
7;77;135,59,8,88,99;0.7071120000000001
7;78;28,59,8,88,99;0.7801500000000001
7;78;28,59,8,88,95;0.7281400000000001
7;79;28,59,8,88,99;0.7801500000000001
7;79;28,8,86,88,99;0.7658099999999999
7;80;28,59,8,88,99;0.7801500000000001
7;80;109,28,59,8,88;0.7281400000000001
7;81;28,59,8,88,99;0.7801500000000001
7;81;117,59,8,88,99;0.7176959999999998
7;82;28,59,8,88,99;0.7801500000000001
7;82;28,59,8,88,99;0.7801500000000001
7;83;28,59,8,88,99;0.7801500000000001
7;83;28,59,70,8,88;0.7801500000000001
7;84;28,59,8,88,99;0.7801500000000001
7;84;28,35,8,88,99;0
7;85;28,59,8,88,99;0.7801500000000001
7;85;28,59,8,88,99;0.7801500000000001
7;86;28,59,8,88,99;0.7801500000000001
7;86;28,52,59,8,99;0.7281400000000001
7;87;28,59,8,88,99;0.7801500000000001
7;87;28,59,8,88,99;0.7801500000000001
7;88;28,59,8,88,99;0.7801500000000001
7;88;101,28,8,88,99;0.77238
7;89;28,59,8,88,99;0.7801500000000001
7;89;28,59,8,88,99;0.7801500000000001
7;90;28,59,8,88,99;0.7801500000000001
7;90;28,59,79,88,99;0
7;91;28,59,8,88,99;0.7801500000000001
7;91;14,28,59,8,88;0.7801500000000001
7;92;28,59,8,88,99;0.7801500000000001
7;92;123,28,59,8,99;0.7281400000000001
7;93;28,59,8,88,99;0.7801500000000001
7;93;28,59,8,88,99;0.7801500000000001
7;94;28,59,8,88,99;0.7801500000000001
7;94;28,56,59,8,99;0.7801500000000001
7;95;28,59,8,88,99;0.7801500000000001
7;95;52,59,8,88,99;0.702856
7;96;28,59,8,88,99;0.7801500000000001
7;96;28,59,8,88,99;0.7801500000000001
7;97;28,59,8,88,99;0.7801500000000001
7;97;28,59,61,88,99;0
7;98;28,59,8,88,99;0.7801500000000001
7;98;28,59,61,8,88;0.7281400000000001
7;99;28,59,8,88,99;0.7801500000000001
7;99;28,59,88,94,99;0
7;100;28,59,8,88,99;0.7801500000000001
7;100;28,59,8,88,99;0.7801500000000001
execution;generation;chromosome;fitness 
8;1;10,109,111,71,86;0
8;2;10,109,128,71,86;0
8;2;10,109,111,71,86;0
8;3;10,109,111,71,86;0
8;3;10,109,25,71,86;0
8;4;10,109,111,71,86;0
8;4;10,109,111,71,86;0
8;5;10,109,111,71,86;0
8;5;109,111,14,71,86;0
8;6;10,109,111,71,86;0
8;6;10,111,56,71,86;0
8;7;10,109,111,71,86;0
8;7;10,109,111,71,86;0
8;8;10,109,111,71,86;0
8;8;10,109,120,71,86;0
8;9;10,109,111,71,86;0
8;9;10,111,116,71,86;0
8;10;10,109,111,71,86;0
8;10;10,111,71,83,86;0
8;11;10,109,111,71,86;0
8;11;10,109,111,32,86;0
8;12;10,109,111,71,86;0
8;12;109,111,129,71,86;0
8;13;10,109,111,71,86;0
8;13;10,109,111,71,86;0
8;14;10,109,111,71,86;0
8;14;10,111,71,86,98;0
8;15;10,109,111,71,86;0
8;15;10,109,111,71,86;0
8;16;10,109,111,71,86;0
8;16;10,109,111,71,86;0
8;17;10,109,111,71,86;0
8;17;10,109,57,71,86;0
8;18;10,109,111,71,86;0
8;18;10,111,57,71,86;0
8;19;10,109,111,71,86;0
8;19;10,109,111,77,86;0
8;20;10,109,111,71,86;0
8;20;10,109,111,71,86;0
8;21;10,109,111,71,86;0
8;21;10,109,111,71,86;0
8;22;10,109,111,71,86;0
8;22;109,111,71,8,86;0.6175
8;23;109,111,71,8,86;0.6175
8;23;109,111,71,86,88;0
8;24;109,111,71,8,86;0.6175
8;24;109,111,71,8,86;0.6175
8;25;109,111,71,8,86;0.6175
8;25;109,111,14,71,86;0
8;26;109,111,71,8,86;0.6175
8;26;109,111,71,8,86;0.6175
8;27;109,111,71,8,86;0.6175
8;27;111,71,8,86,88;0.69174
8;28;111,71,8,86,88;0.663544
8;28;111,14,8,86,88;0.6986699999999999
8;29;111,14,8,86,88;0.6986699999999999
8;29;111,64,8,86,88;0.7109399999999999
8;30;111,64,8,86,88;0.7109399999999999
8;30;111,64,8,86,88;0.7109399999999999
8;31;111,64,8,86,88;0.7109399999999999
8;31;111,64,8,86,88;0.7109399999999999
8;32;111,64,8,86,88;0.7109399999999999
8;32;111,131,64,8,86;0
8;33;111,64,8,86,88;0.7109399999999999
8;33;111,129,64,8,88;0.6628160000000001
8;34;111,64,8,86,88;0.7109399999999999
8;34;111,64,8,86,88;0.7109399999999999
8;35;111,64,8,86,88;0.7109399999999999
8;35;111,64,8,86,88;0.7109399999999999
8;36;111,64,8,86,88;0.7109399999999999
8;36;111,13,64,8,88;0.6555639999999999
8;37;111,64,8,86,88;0.7109399999999999
8;37;111,64,8,86,88;0.7109399999999999
8;38;111,64,8,86,88;0.7109399999999999
8;38;64,78,8,86,88;0.7734000000000001
8;39;64,78,8,86,88;0.76602
8;39;117,64,78,8,86;0
8;40;64,78,8,86,88;0.76602
8;40;64,78,8,86,96;0
8;41;64,78,8,86,88;0.76602
8;41;27,64,78,8,86;0
8;42;64,78,8,86,88;0.76602
8;42;64,78,8,86,88;0.76602
8;43;64,78,8,86,88;0.76602
8;43;35,64,8,86,88;0.7535400000000001
8;44;64,78,8,86,88;0.76602
8;44;64,78,8,86,88;0.76602
8;45;64,78,8,86,88;0.76602
8;45;33,64,8,86,88;0.719572
8;46;64,78,8,86,88;0.76602
8;46;64,78,8,86,88;0.76602
8;47;64,78,8,86,88;0.76602
8;47;142,78,8,86,88;0.7168839999999999
8;48;64,78,8,86,88;0.76602
8;48;122,78,8,86,88;0.7175
8;49;64,78,8,86,88;0.76602
8;49;5,64,78,8,88;0
8;50;64,78,8,86,88;0.76602
8;50;64,78,8,86,88;0.76602
8;51;64,78,8,86,88;0.76602
8;51;64,8,84,86,88;0.76602
8;52;64,78,8,86,88;0.76602
8;52;64,78,8,86,88;0.76602
8;53;64,78,8,86,88;0.76602
8;53;64,78,8,86,88;0.76602
8;54;64,78,8,86,88;0.76602
8;54;71,78,8,86,88;0.7217279999999999
8;55;64,78,8,86,88;0.76602
8;55;48,64,78,86,88;0.697144
8;56;64,78,8,86,88;0.76602
8;56;64,78,8,86,88;0.76602
8;57;64,78,8,86,88;0.76602
8;57;139,78,8,86,88;0.72044
8;58;64,78,8,86,88;0.76602
8;58;64,78,8,86,88;0.76602
8;59;64,78,8,86,88;0.76602
8;59;64,78,8,86,88;0.76602
8;60;64,78,8,86,88;0.76602
8;60;64,78,8,80,88;0
8;61;64,78,8,86,88;0.76602
8;61;64,78,8,86,88;0.76602
8;62;64,78,8,86,88;0.76602
8;62;64,78,8,86,88;0.76602
8;63;64,78,8,86,88;0.76602
8;63;64,78,8,86,88;0.76602
8;64;64,78,8,86,88;0.76602
8;64;55,64,78,8,86;0
8;65;64,78,8,86,88;0.76602
8;65;64,78,8,86,88;0.76602
8;66;64,78,8,86,88;0.76602
8;66;64,78,8,86,88;0.76602
8;67;64,78,8,86,88;0.76602
8;67;78,8,81,86,88;0.7790700000000002
8;68;78,8,81,86,88;0.7790700000000002
8;68;78,8,81,86,88;0.7790700000000002
8;69;78,8,81,86,88;0.7790700000000002
8;69;78,8,81,86,88;0.7790700000000002
8;70;78,8,81,86,88;0.7790700000000002
8;70;123,78,8,86,88;0.7218399999999999
8;71;78,8,81,86,88;0.7790700000000002
8;71;56,8,81,86,88;0.7769999999999999
8;72;78,8,81,86,88;0.7790700000000002
8;72;78,8,81,86,88;0.7790700000000002
8;73;78,8,81,86,88;0.7790700000000002
8;73;78,79,8,81,86;0.7732499999999999
8;74;78,8,81,86,88;0.7790700000000002
8;74;69,78,81,86,88;0
8;75;78,8,81,86,88;0.7790700000000002
8;75;78,8,81,86,88;0.7790700000000002
8;76;78,8,81,86,88;0.7790700000000002
8;76;141,78,8,86,88;0.78642
8;77;141,78,8,86,88;0.78642
8;77;141,78,8,86,88;0.78642
8;78;141,78,8,86,88;0.78642
8;78;141,78,8,86,88;0.78642
8;79;141,78,8,86,88;0.78642
8;79;141,46,78,86,88;0.7238840000000001
8;80;141,78,8,86,88;0.78642
8;80;141,78,8,86,88;0.78642
8;81;141,78,8,86,88;0.78642
8;81;141,78,8,86,88;0.78642
8;82;141,78,8,86,88;0.78642
8;82;141,44,8,86,88;0.7296239999999998
8;83;141,78,8,86,88;0.78642
8;83;141,4,78,86,88;0
8;84;141,78,8,86,88;0.78642
8;84;141,57,78,8,88;0
8;85;141,78,8,86,88;0.78642
8;85;141,78,8,86,88;0.78642
8;86;141,78,8,86,88;0.78642
8;86;114,141,78,86,88;0
8;87;141,78,8,86,88;0.78642
8;87;141,38,78,8,86;0
8;88;141,78,8,86,88;0.78642
8;88;141,78,8,86,88;0.78642
8;89;141,78,8,86,88;0.78642
8;89;141,78,8,86,88;0.78642
8;90;141,78,8,86,88;0.78642
8;90;125,78,8,86,88;0.7680899999999999
8;91;141,78,8,86,88;0.78642
8;91;141,78,8,86,88;0.78642
8;92;141,78,8,86,88;0.78642
8;92;141,78,8,86,88;0.78642
8;93;141,78,8,86,88;0.78642
8;93;13,141,8,86,88;0.7039759999999999
8;94;141,78,8,86,88;0.78642
8;94;141,78,8,86,88;0.78642
8;95;141,78,8,86,88;0.78642
8;95;104,141,78,8,86;0
8;96;141,78,8,86,88;0.78642
8;96;141,78,8,86,88;0.78642
8;97;141,78,8,86,88;0.78642
8;97;141,78,8,86,88;0.78642
8;98;141,78,8,86,88;0.78642
8;98;141,30,78,8,88;0
8;99;141,78,8,86,88;0.78642
8;99;141,6,78,86,88;0
8;100;141,78,8,86,88;0.78642
8;100;141,78,8,86,88;0.78642
execution;generation;chromosome;fitness 
9;1;28,44,54,8,97;0.6745700000000001
9;2;28,44,54,8,97;0.6671340000000001
9;2;28,44,54,8,97;0.6671340000000001
9;3;28,44,54,8,97;0.6671340000000001
9;3;18,28,44,54,8;0.615816
9;4;28,44,54,8,97;0.6671340000000001
9;4;28,44,54,69,8;0.615816
9;5;28,44,54,8,97;0.6671340000000001
9;5;123,28,54,8,97;0.6633900000000001
9;6;28,44,54,8,97;0.6671340000000001
9;6;28,44,79,8,97;0.712852
9;7;28,44,79,8,97;0.712852
9;7;28,44,79,8,97;0.712852
9;8;28,44,79,8,97;0.712852
9;8;111,44,79,8,97;0.658112
9;9;28,44,79,8,97;0.712852
9;9;28,44,71,79,97;0
9;10;28,44,79,8,97;0.712852
9;10;20,28,44,79,97;0
9;11;28,44,79,8,97;0.712852
9;11;28,44,7,79,8;0.712852
9;12;28,44,79,8,97;0.712852
9;12;28,63,79,8,97;0.76137
9;13;28,63,79,8,97;0.76137
9;13;127,63,79,8,97;0
9;14;28,63,79,8,97;0.76137
9;14;28,63,79,8,97;0.76137
9;15;28,63,79,8,97;0.76137
9;15;28,63,74,79,8;0.710612
9;16;28,63,79,8,97;0.76137
9;16;28,63,7,79,8;0.76137
9;17;28,63,79,8,97;0.76137
9;17;28,49,63,8,97;0.74898
9;18;28,63,79,8,97;0.76137
9;18;103,63,79,8,97;0.76953
9;19;103,63,79,8,97;0.76953
9;19;63,78,79,8,97;0
9;20;103,63,79,8,97;0.76953
9;20;103,63,79,8,97;0.76953
9;21;103,63,79,8,97;0.76953
9;21;103,63,79,8,97;0.76953
9;22;103,63,79,8,97;0.76953
9;22;103,136,63,8,97;0.717248
9;23;103,63,79,8,97;0.76953
9;23;103,60,63,8,97;0.713608
9;24;103,63,79,8,97;0.76953
9;24;22,63,79,8,97;0
9;25;103,63,79,8,97;0.76953
9;25;103,63,79,8,97;0.76953
9;26;103,63,79,8,97;0.76953
9;26;103,63,79,8,97;0.76953
9;27;103,63,79,8,97;0.76953
9;27;103,21,63,79,8;0.718228
9;28;103,63,79,8,97;0.76953
9;28;103,63,79,8,97;0.76953
9;29;103,63,79,8,97;0.76953
9;29;103,38,79,8,97;0.7146719999999999
9;30;103,63,79,8,97;0.76953
9;30;103,63,79,8,97;0.76953
9;31;103,63,79,8,97;0.76953
9;31;103,27,79,8,97;0.6682760000000001
9;32;103,63,79,8,97;0.76953
9;32;103,128,63,79,8;0.718228
9;33;103,63,79,8,97;0.76953
9;33;103,63,79,8,97;0.76953
9;34;103,63,79,8,97;0.76953
9;34;103,63,79,8,97;0.76953
9;35;103,63,79,8,97;0.76953
9;35;107,63,79,8,97;0.7659600000000001
9;36;103,63,79,8,97;0.76953
9;36;103,63,79,8,97;0.76953
9;37;103,63,79,8,97;0.76953
9;37;103,110,63,8,97;0.7741800000000001
9;38;103,110,63,8,97;0.76506
9;38;110,38,63,8,97;0
9;39;103,110,63,8,97;0.76506
9;39;110,46,63,8,97;0
9;40;103,110,63,8,97;0.76506
9;40;103,110,63,8,97;0.76506
9;41;103,110,63,8,97;0.76506
9;41;103,135,63,8,97;0.711872
9;42;103,110,63,8,97;0.76506
9;42;103,110,39,63,8;0.76506
9;43;103,110,63,8,97;0.76506
9;43;103,36,63,8,97;0.720048
9;44;103,110,63,8,97;0.76506
9;44;103,117,63,8,97;0.727748
9;45;103,110,63,8,97;0.76506
9;45;103,110,63,8,87;0.76506
9;46;103,110,63,8,97;0.76506
9;46;103,110,63,8,97;0.76506
9;47;103,110,63,8,97;0.76506
9;47;110,63,68,8,97;0
9;48;103,110,63,8,97;0.76506
9;48;103,110,53,63,8;0.7140559999999999
9;49;103,110,63,8,97;0.76506
9;49;103,110,130,63,8;0.76506
9;50;103,110,63,8,97;0.76506
9;50;103,110,63,8,97;0.76506
9;51;103,110,63,8,97;0.76506
9;51;103,110,8,94,97;0.7140559999999999
9;52;103,110,63,8,97;0.76506
9;52;103,110,36,8,97;0.7140559999999999
9;53;103,110,63,8,97;0.76506
9;53;103,38,63,8,97;0.72604
9;54;103,110,63,8,97;0.76506
9;54;103,110,63,8,97;0.76506
9;55;103,110,63,8,97;0.76506
9;55;103,110,4,8,97;0.76506
9;56;103,110,63,8,97;0.76506
9;56;103,110,63,64,97;0
9;57;103,110,63,8,97;0.76506
9;57;103,110,63,8,97;0.76506
9;58;103,110,63,8,97;0.76506
9;58;103,110,17,63,97;0
9;59;103,110,63,8,97;0.76506
9;59;103,110,31,63,97;0
9;60;103,110,63,8,97;0.76506
9;60;110,135,63,8,97;0
9;61;103,110,63,8,97;0.76506
9;61;103,110,27,63,97;0.6931959999999999
9;62;103,110,63,8,97;0.76506
9;62;103,110,63,8,97;0.76506
9;63;103,110,63,8,97;0.76506
9;63;110,48,63,8,97;0
9;64;103,110,63,8,97;0.76506
9;64;103,110,63,8,97;0.76506
9;65;103,110,63,8,97;0.76506
9;65;103,110,32,63,97;0
9;66;103,110,63,8,97;0.76506
9;66;103,110,139,63,97;0
9;67;103,110,63,8,97;0.76506
9;67;103,110,131,63,8;0.7140559999999999
9;68;103,110,63,8,97;0.76506
9;68;103,110,50,63,8;0.7140559999999999
9;69;103,110,63,8,97;0.76506
9;69;103,110,63,8,97;0.76506
9;70;103,110,63,8,97;0.76506
9;70;110,137,63,8,97;0.7199919999999999
9;71;103,110,63,8,97;0.76506
9;71;103,49,63,8,97;0.7608000000000001
9;72;103,110,63,8,97;0.76506
9;72;103,110,63,8,97;0.76506
9;73;103,110,63,8,97;0.76506
9;73;103,60,63,8,97;0.713608
9;74;103,110,63,8,97;0.76506
9;74;103,23,63,8,97;0.727748
9;75;103,110,63,8,97;0.76506
9;75;110,39,63,8,97;0
9;76;103,110,63,8,97;0.76506
9;76;103,110,63,8,97;0.76506
9;77;103,110,63,8,97;0.76506
9;77;103,110,63,8,97;0.76506
9;78;103,110,63,8,97;0.76506
9;78;103,110,63,8,91;0.76506
9;79;103,110,63,8,97;0.76506
9;79;103,110,63,8,97;0.76506
9;80;103,110,63,8,97;0.76506
9;80;103,108,63,8,97;0.717136
9;81;103,110,63,8,97;0.76506
9;81;103,110,137,63,97;0
9;82;103,110,63,8,97;0.76506
9;82;103,110,18,63,8;0.7140559999999999
9;83;103,110,63,8,97;0.76506
9;83;103,46,63,8,97;0.71764
9;84;103,110,63,8,97;0.76506
9;84;110,28,63,8,97;0.7623599999999999
9;85;103,110,63,8,97;0.76506
9;85;103,111,63,8,97;0.7532099999999999
9;86;103,110,63,8,97;0.76506
9;86;106,110,63,8,97;0
9;87;103,110,63,8,97;0.76506
9;87;110,111,63,8,97;0.7081800000000001
9;88;103,110,63,8,97;0.76506
9;88;110,19,63,8,97;0
9;89;103,110,63,8,97;0.76506
9;89;103,110,6,63,8;0.7140559999999999
9;90;103,110,63,8,97;0.76506
9;90;103,110,63,8,97;0.76506
9;91;103,110,63,8,97;0.76506
9;91;103,110,63,8,99;0.76506
9;92;103,110,63,8,97;0.76506
9;92;103,110,63,8,9;0.76506
9;93;103,110,63,8,97;0.76506
9;93;110,22,63,8,97;0
9;94;103,110,63,8,97;0.76506
9;94;103,110,63,8,97;0.76506
9;95;103,110,63,8,97;0.76506
9;95;110,50,63,8,97;0
9;96;103,110,63,8,97;0.76506
9;96;103,110,115,63,8;0.7140559999999999
9;97;103,110,63,8,97;0.76506
9;97;103,110,8,94,97;0.7140559999999999
9;98;103,110,63,8,97;0.76506
9;98;103,110,63,8,97;0.76506
9;99;103,110,63,8,97;0.76506
9;99;103,110,63,8,97;0.76506
9;100;103,110,63,8,97;0.76506
9;100;103,110,63,8,97;0.76506
execution;generation;chromosome;fitness 
9;1;126,13,138,14,52;0
9;2;126,13,138,14,52;0
9;2;126,13,138,14,52;0
9;3;126,13,138,14,52;0
9;3;126,13,138,14,52;0
9;4;126,13,138,14,52;0
9;4;126,13,14,18,52;0
9;5;126,13,138,14,52;0
9;5;126,13,138,52,55;0.525448
9;6;126,13,138,52,55;0.525448
9;6;126,13,138,52,55;0.525448
9;7;126,13,138,52,55;0.525448
9;7;126,13,138,52,89;0.503976
9;8;126,13,138,52,55;0.525448
9;8;13,138,52,55,98;0.48462000000000005
9;9;126,13,138,52,55;0.525448
9;9;126,13,134,138,52;0.5295400000000001
9;10;126,13,134,138,52;0.5295400000000001
9;10;13,134,138,52,7;0.558404
9;11;13,134,138,52,7;0.532202
9;11;118,13,134,138,52;0.532202
9;12;13,134,138,52,7;0.532202
9;12;13,134,138,41,7;0.5805839999999999
9;13;13,134,138,41,7;0.5805839999999999
9;13;104,13,134,41,7;0
9;14;13,134,138,41,7;0.5805839999999999
9;14;134,138,140,41,7;0.62647
9;15;134,138,140,41,7;0.62647
9;15;134,137,138,140,41;0.5782799999999999
9;16;134,138,140,41,7;0.62647
9;16;138,140,41,52,7;0.631436
9;17;138,140,41,52,7;0.627354
9;17;138,140,41,52,7;0.627354
9;18;138,140,41,52,7;0.627354
9;18;138,140,41,5,52;0.627354
9;19;138,140,41,52,7;0.627354
9;19;138,140,52,55,7;0.573816
9;20;138,140,41,52,7;0.627354
9;20;138,140,41,52,7;0.627354
9;21;138,140,41,52,7;0.627354
9;21;138,18,41,52,7;0.603216
9;22;138,140,41,52,7;0.627354
9;22;138,140,32,41,52;0.5790959999999999
9;23;138,140,41,52,7;0.627354
9;23;106,138,140,52,7;0
9;24;138,140,41,52,7;0.627354
9;24;138,140,41,52,7;0.627354
9;25;138,140,41,52,7;0.627354
9;25;138,140,41,7,78;0.6756119999999999
9;26;138,140,41,7,78;0.6756119999999999
9;26;140,41,6,7,78;0
9;27;138,140,41,7,78;0.6756119999999999
9;27;123,138,41,7,78;0.653484
9;28;138,140,41,7,78;0.6756119999999999
9;28;138,140,41,7,78;0.6756119999999999
9;29;138,140,41,7,78;0.6756119999999999
9;29;138,140,41,7,78;0.6756119999999999
9;30;138,140,41,7,78;0.6756119999999999
9;30;132,138,140,41,7;0.627354
9;31;138,140,41,7,78;0.6756119999999999
9;31;138,140,41,7,78;0.6756119999999999
9;32;138,140,41,7,78;0.6756119999999999
9;32;126,138,41,7,78;0.7037519999999999
9;33;126,138,41,7,78;0.7003639999999999
9;33;126,138,7,78,85;0
9;34;126,138,41,7,78;0.7003639999999999
9;34;126,138,41,7,78;0.7003639999999999
9;35;126,138,41,7,78;0.7003639999999999
9;35;126,138,67,7,78;0
9;36;126,138,41,7,78;0.7003639999999999
9;36;126,138,41,7,78;0.7003639999999999
9;37;126,138,41,7,78;0.7003639999999999
9;37;126,138,41,7,78;0.7003639999999999
9;38;126,138,41,7,78;0.7003639999999999
9;38;124,126,138,41,7;0.650338
9;39;126,138,41,7,78;0.7003639999999999
9;39;138,41,7,71,78;0.6471920000000001
9;40;126,138,41,7,78;0.7003639999999999
9;40;138,41,7,75,78;0.696584
9;41;126,138,41,7,78;0.7003639999999999
9;41;126,138,41,7,78;0.7003639999999999
9;42;126,138,41,7,78;0.7003639999999999
9;42;126,138,41,67,7;0.650338
9;43;126,138,41,7,78;0.7003639999999999
9;43;110,138,41,7,78;0.7036960000000001
9;44;110,138,41,7,78;0.7036960000000001
9;44;110,138,41,7,78;0.7036960000000001
9;45;110,138,41,7,78;0.7036960000000001
9;45;138,41,61,7,78;0.64961
9;46;110,138,41,7,78;0.7036960000000001
9;46;110,41,7,78,99;0
9;47;110,138,41,7,78;0.7036960000000001
9;47;110,138,41,7,78;0.7036960000000001
9;48;110,138,41,7,78;0.7036960000000001
9;48;110,41,49,7,78;0
9;49;110,138,41,7,78;0.7036960000000001
9;49;110,140,41,7,78;0
9;50;110,138,41,7,78;0.7036960000000001
9;50;110,138,41,7,78;0.7036960000000001
9;51;110,138,41,7,78;0.7036960000000001
9;51;110,138,41,60,7;0.6534320000000001
9;52;110,138,41,7,78;0.7036960000000001
9;52;110,138,7,78,90;0
9;53;110,138,41,7,78;0.7036960000000001
9;53;133,138,41,7,78;0.6551480000000001
9;54;110,138,41,7,78;0.7036960000000001
9;54;110,138,41,7,78;0.7036960000000001
9;55;110,138,41,7,78;0.7036960000000001
9;55;110,138,41,7,78;0.7036960000000001
9;56;110,138,41,7,78;0.7036960000000001
9;56;110,41,7,78,93;0
9;57;110,138,41,7,78;0.7036960000000001
9;57;110,138,31,41,78;0.7036960000000001
9;58;110,138,41,7,78;0.7036960000000001
9;58;110,138,41,7,78;0.7036960000000001
9;59;110,138,41,7,78;0.7036960000000001
9;59;110,121,138,7,78;0
9;60;110,138,41,7,78;0.7036960000000001
9;60;110,138,41,62,7;0.7036960000000001
9;61;110,138,41,7,78;0.7036960000000001
9;61;110,138,41,7,78;0.7036960000000001
9;62;110,138,41,7,78;0.7036960000000001
9;62;110,138,41,7,78;0.7036960000000001
9;63;110,138,41,7,78;0.7036960000000001
9;63;138,145,41,7,78;0.6568640000000001
9;64;110,138,41,7,78;0.7036960000000001
9;64;105,110,138,7,78;0
9;65;110,138,41,7,78;0.7036960000000001
9;65;138,145,41,7,78;0.6568640000000001
9;66;110,138,41,7,78;0.7036960000000001
9;66;110,138,41,7,78;0.7036960000000001
9;67;110,138,41,7,78;0.7036960000000001
9;67;110,138,41,7,78;0.7036960000000001
9;68;110,138,41,7,78;0.7036960000000001
9;68;110,138,41,63,7;0.7036960000000001
9;69;110,138,41,7,78;0.7036960000000001
9;69;110,138,44,7,78;0.652132
9;70;110,138,41,7,78;0.7036960000000001
9;70;110,138,7,72,78;0
9;71;110,138,41,7,78;0.7036960000000001
9;71;110,135,138,41,78;0.6534320000000001
9;72;110,138,41,7,78;0.7036960000000001
9;72;130,138,41,7,78;0.70588
9;73;130,138,41,7,78;0.70588
9;73;127,130,138,41,7;0.65546
9;74;130,138,41,7,78;0.70588
9;74;130,131,138,41,7;0.65546
9;75;130,138,41,7,78;0.70588
9;75;130,138,41,7,78;0.70588
9;76;130,138,41,7,78;0.70588
9;76;130,138,41,7,78;0.70588
9;77;130,138,41,7,78;0.70588
9;77;130,138,41,78,82;0
9;78;130,138,41,7,78;0.70588
9;78;130,138,41,7,78;0.70588
9;79;130,138,41,7,78;0.70588
9;79;130,138,22,41,7;0.65546
9;80;130,138,41,7,78;0.70588
9;80;130,138,66,7,78;0.648076
9;81;130,138,41,7,78;0.70588
9;81;138,141,41,7,78;0.7092400000000001
9;82;138,141,41,7,78;0.7092400000000001
9;82;117,138,41,7,78;0.653484
9;83;138,141,41,7,78;0.7092400000000001
9;83;138,141,41,7,78;0.7092400000000001
9;84;138,141,41,7,78;0.7092400000000001
9;84;138,143,41,7,78;0.653484
9;85;138,141,41,7,78;0.7092400000000001
9;85;138,141,41,7,78;0.7092400000000001
9;86;138,141,41,7,78;0.7092400000000001
9;86;141,41,7,78,81;0
9;87;138,141,41,7,78;0.7092400000000001
9;87;11,138,41,7,78;0.7058240000000001
9;88;138,141,41,7,78;0.7092400000000001
9;88;138,141,7,78,86;0.7092400000000001
9;89;138,141,41,7,78;0.7092400000000001
9;89;138,141,41,7,78;0.7092400000000001
9;90;138,141,41,7,78;0.7092400000000001
9;90;138,141,41,7,78;0.7092400000000001
9;91;138,141,41,7,78;0.7092400000000001
9;91;138,141,41,51,7;0.65858
9;92;138,141,41,7,78;0.7092400000000001
9;92;110,138,141,41,78;0.7030239999999999
9;93;138,141,41,7,78;0.7092400000000001
9;93;138,41,7,75,78;0.696584
9;94;138,141,41,7,78;0.7092400000000001
9;94;124,138,141,41,7;0.65858
9;95;138,141,41,7,78;0.7092400000000001
9;95;138,41,7,78,8;0.7037519999999999
9;96;138,141,41,7,78;0.7092400000000001
9;96;138,141,41,7,78;0.7092400000000001
9;97;138,141,41,7,78;0.7092400000000001
9;97;138,141,41,53,78;0
9;98;138,141,41,7,78;0.7092400000000001
9;98;138,141,41,7,78;0.7092400000000001
9;99;138,141,41,7,78;0.7092400000000001
9;99;138,141,41,7,78;0.7092400000000001
9;100;138,141,41,7,78;0.7092400000000001
9;100;138,141,41,7,78;0.7092400000000001
execution;generation;chromosome;fitness 
10;1;135,146,50,79,90;0
10;2;135,146,50,79,90;0
10;2;108,135,146,50,90;0
10;3;135,146,50,79,90;0
10;3;135,146,27,79,90;0
10;4;135,146,50,79,90;0
10;4;146,50,79,90,96;0
10;5;135,146,50,79,90;0
10;5;135,146,39,79,90;0
10;6;135,146,50,79,90;0
10;6;115,135,146,50,79;0
10;7;135,146,50,79,90;0
10;7;110,135,146,50,90;0
10;8;135,146,50,79,90;0
10;8;127,135,146,50,79;0
10;9;135,146,50,79,90;0
10;9;135,146,50,79,90;0
10;10;135,146,50,79,90;0
10;10;135,146,50,58,90;0
10;11;135,146,50,79,90;0
10;11;135,146,50,79,90;0
10;12;135,146,50,79,90;0
10;12;126,135,146,50,79;0
10;13;135,146,50,79,90;0
10;13;135,146,50,79,90;0
10;14;135,146,50,79,90;0
10;14;104,135,146,50,90;0
10;15;135,146,50,79,90;0
10;15;135,50,58,79,90;0
10;16;135,146,50,79,90;0
10;16;135,146,50,79,90;0
10;17;135,146,50,79,90;0
10;17;140,146,50,79,90;0
10;18;135,146,50,79,90;0
10;18;135,146,50,79,90;0
10;19;135,146,50,79,90;0
10;19;135,28,50,79,90;0.588384
10;20;135,28,50,79,90;0.588384
10;20;135,28,50,79,90;0.588384
10;21;135,28,50,79,90;0.588384
10;21;135,28,50,79,90;0.588384
10;22;135,28,50,79,90;0.588384
10;22;135,28,50,79,90;0.588384
10;23;135,28,50,79,90;0.588384
10;23;135,28,65,79,90;0.595488
10;24;135,28,65,79,90;0.595488
10;24;106,135,28,65,79;0.645112
10;25;106,135,28,65,79;0.645112
10;25;135,141,28,65,79;0.6589440000000001
10;26;135,141,28,65,79;0.6589440000000001
10;26;135,28,35,65,79;0.636766
10;27;135,141,28,65,79;0.6589440000000001
10;27;135,141,28,65,79;0.6589440000000001
10;28;135,141,28,65,79;0.6589440000000001
10;28;135,141,28,63,65;0
10;29;135,141,28,65,79;0.6589440000000001
10;29;135,141,28,65,79;0.6589440000000001
10;30;135,141,28,65,79;0.6589440000000001
10;30;135,141,57,65,79;0.603528
10;31;135,141,28,65,79;0.6589440000000001
10;31;135,28,62,65,79;0.6478420000000001
10;32;135,141,28,65,79;0.6589440000000001
10;32;135,141,28,65,69;0.612744
10;33;135,141,28,65,79;0.6589440000000001
10;33;135,139,141,28,65;0
10;34;135,141,28,65,79;0.6589440000000001
10;34;141,28,65,79,82;0.7080639999999999
10;35;141,28,65,79,82;0.7105839999999999
10;35;141,28,38,79,82;0.7351119999999999
10;36;141,28,38,79,82;0.7351119999999999
10;36;141,28,37,38,82;0.7351119999999999
10;37;141,28,38,79,82;0.7351119999999999
10;37;141,28,38,79,82;0.7351119999999999
10;38;141,28,38,79,82;0.7351119999999999
10;38;141,28,38,79,82;0.7351119999999999
10;39;141,28,38,79,82;0.7351119999999999
10;39;14,141,28,79,82;0
10;40;141,28,38,79,82;0.7351119999999999
10;40;141,28,38,79,82;0.7351119999999999
10;41;141,28,38,79,82;0.7351119999999999
10;41;141,22,38,79,82;0.667472
10;42;141,28,38,79,82;0.7351119999999999
10;42;114,141,28,38,79;0.7351119999999999
10;43;141,28,38,79,82;0.7351119999999999
10;43;104,28,38,79,82;0.667342
10;44;141,28,38,79,82;0.7351119999999999
10;44;141,28,79,82,91;0
10;45;141,28,38,79,82;0.7351119999999999
10;45;141,28,38,79,82;0.7351119999999999
10;46;141,28,38,79,82;0.7351119999999999
10;46;141,28,38,79,82;0.7351119999999999
10;47;141,28,38,79,82;0.7351119999999999
10;47;141,29,38,79,82;0.6739980000000001
10;48;141,28,38,79,82;0.7351119999999999
10;48;141,38,62,79,82;0.7295959999999999
10;49;141,28,38,79,82;0.7351119999999999
10;49;141,28,38,77,82;0.6826039999999999
10;50;141,28,38,79,82;0.7351119999999999
10;50;141,28,30,38,79;0.6826039999999999
10;51;141,28,38,79,82;0.7351119999999999
10;51;106,28,38,79,82;0.720216
10;52;141,28,38,79,82;0.7351119999999999
10;52;109,141,28,79,82;0
10;53;141,28,38,79,82;0.7351119999999999
10;53;141,33,38,79,82;0.6838000000000001
10;54;141,28,38,79,82;0.7351119999999999
10;54;141,28,38,79,82;0.7351119999999999
10;55;141,28,38,79,82;0.7351119999999999
10;55;141,28,38,79,85;0.7351119999999999
10;56;141,28,38,79,82;0.7351119999999999
10;56;141,28,38,79,82;0.7351119999999999
10;57;141,28,38,79,82;0.7351119999999999
10;57;102,141,28,79,82;0
10;58;141,28,38,79,82;0.7351119999999999
10;58;141,28,38,79,88;0.7351119999999999
10;59;141,28,38,79,82;0.7351119999999999
10;59;101,141,28,38,79;0.7351119999999999
10;60;141,28,38,79,82;0.7351119999999999
10;60;141,28,38,79,82;0.7351119999999999
10;61;141,28,38,79,82;0.7351119999999999
10;61;141,28,38,79,86;0.7351119999999999
10;62;141,28,38,79,82;0.7351119999999999
10;62;141,28,38,79,82;0.7351119999999999
10;63;141,28,38,79,82;0.7351119999999999
10;63;141,28,38,79,82;0.7351119999999999
10;64;141,28,38,79,82;0.7351119999999999
10;64;141,28,38,79,82;0.7351119999999999
10;65;141,28,38,79,82;0.7351119999999999
10;65;136,141,38,79,82;0.6701239999999999
10;66;141,28,38,79,82;0.7351119999999999
10;66;141,28,38,79,80;0.6826039999999999
10;67;141,28,38,79,82;0.7351119999999999
10;67;141,28,38,50,82;0.6826039999999999
10;68;141,28,38,79,82;0.7351119999999999
10;68;135,141,28,38,82;0.6826039999999999
10;69;141,28,38,79,82;0.7351119999999999
10;69;101,141,28,38,79;0.7351119999999999
10;70;141,28,38,79,82;0.7351119999999999
10;70;140,28,38,79,82;0.6956319999999999
10;71;141,28,38,79,82;0.7351119999999999
10;71;141,28,38,79,82;0.7351119999999999
10;72;141,28,38,79,82;0.7351119999999999
10;72;141,28,62,79,82;0
10;73;141,28,38,79,82;0.7351119999999999
10;73;141,16,28,38,82;0.7351119999999999
10;74;141,28,38,79,82;0.7351119999999999
10;74;135,141,28,79,82;0.709632
10;75;141,28,38,79,82;0.7351119999999999
10;75;141,28,38,79,82;0.7351119999999999
10;76;141,28,38,79,82;0.7351119999999999
10;76;128,141,28,38,79;0.6826039999999999
10;77;141,28,38,79,82;0.7351119999999999
10;77;116,141,28,38,79;0.6826039999999999
10;78;141,28,38,79,82;0.7351119999999999
10;78;141,28,38,79,82;0.7351119999999999
10;79;141,28,38,79,82;0.7351119999999999
10;79;141,28,38,79,82;0.7351119999999999
10;80;141,28,38,79,82;0.7351119999999999
10;80;141,28,38,79,82;0.7351119999999999
10;81;141,28,38,79,82;0.7351119999999999
10;81;141,28,38,51,79;0.6826039999999999
10;82;141,28,38,79,82;0.7351119999999999
10;82;141,28,38,44,79;0.6826039999999999
10;83;141,28,38,79,82;0.7351119999999999
10;83;141,19,28,79,82;0
10;84;141,28,38,79,82;0.7351119999999999
10;84;134,141,28,79,82;0
10;85;141,28,38,79,82;0.7351119999999999
10;85;136,141,28,79,82;0
10;86;141,28,38,79,82;0.7351119999999999
10;86;141,28,38,82,90;0.6826039999999999
10;87;141,28,38,79,82;0.7351119999999999
10;87;141,28,38,79,82;0.7351119999999999
10;88;141,28,38,79,82;0.7351119999999999
10;88;136,28,38,79,82;0.6562920000000001
10;89;141,28,38,79,82;0.7351119999999999
10;89;28,38,78,79,82;0.7166039999999999
10;90;141,28,38,79,82;0.7351119999999999
10;90;105,141,28,38,79;0.7351119999999999
10;91;141,28,38,79,82;0.7351119999999999
10;91;141,28,38,79,82;0.7351119999999999
10;92;141,28,38,79,82;0.7351119999999999
10;92;141,28,38,79,93;0.7351119999999999
10;93;141,28,38,79,82;0.7351119999999999
10;93;141,28,38,79,82;0.7351119999999999
10;94;141,28,38,79,82;0.7351119999999999
10;94;141,28,38,79,82;0.7351119999999999
10;95;141,28,38,79,82;0.7351119999999999
10;95;141,28,32,79,82;0
10;96;141,28,38,79,82;0.7351119999999999
10;96;141,28,38,79,82;0.7351119999999999
10;97;141,28,38,79,82;0.7351119999999999
10;97;133,141,38,79,82;0.6811219999999999
10;98;141,28,38,79,82;0.7351119999999999
10;98;102,141,38,79,82;0.6774819999999999
10;99;141,28,38,79,82;0.7351119999999999
10;99;27,28,38,79,82;0.62569
10;100;141,28,38,79,82;0.7351119999999999
10;100;141,28,38,79,82;0.7351119999999999
